id	model_request
quantity-composition/promotion/000000	quantity.multiply
quantity-composition/promotion/000001	quantity.multiply
quantity-composition/promotion/000002	quantity.multiply
quantity-composition/promotion/000003	quantity.convert
quantity-composition/promotion/000004	quantity.solve-linear
quantity-composition/promotion/000005	quantity.multiply
quantity-composition/promotion/000006	quantity.add
quantity-composition/promotion/000007	quantity.add
quantity-composition/promotion/000008	quantity.convert
quantity-composition/promotion/000009	quantity.solve-linear
quantity-composition/promotion/000010	quantity.multiply
quantity-composition/promotion/000011	quantity.multiply
quantity-composition/promotion/000012	quantity.multiply
quantity-composition/promotion/000013	quantity.convert
quantity-composition/promotion/000014	quantity.multiply
quantity-composition/promotion/000015	quantity.add
quantity-composition/promotion/000016	quantity.multiply
quantity-composition/promotion/000017	quantity.add-rational
quantity-composition/promotion/000018	quantity.convert
quantity-composition/promotion/000019	quantity.solve-linear
quantity-composition/promotion/000020	quantity.multiply
quantity-composition/promotion/000021	quantity.multiply
quantity-composition/promotion/000022	quantity.multiply
quantity-composition/promotion/000023	quantity.convert
quantity-composition/promotion/000024	quantity.solve-linear
quantity-composition/promotion/000025	quantity.multiply
quantity-composition/promotion/000026	quantity.add
quantity-composition/promotion/000027	quantity.add
quantity-composition/promotion/000028	quantity.convert
quantity-composition/promotion/000029	quantity.add
quantity-composition/promotion/000030	quantity.multiply
quantity-composition/promotion/000031	quantity.add-rational
quantity-composition/promotion/000032	quantity.multiply
quantity-composition/promotion/000033	quantity.convert
quantity-composition/promotion/000034	quantity.multiply
quantity-composition/promotion/000035	quantity.add
quantity-composition/promotion/000036	quantity.multiply
quantity-composition/promotion/000037	quantity.add-rational
quantity-composition/promotion/000038	quantity.convert
quantity-composition/promotion/000039	quantity.solve-linear
quantity-composition/promotion/000040	quantity.multiply
quantity-composition/promotion/000041	quantity.multiply
quantity-composition/promotion/000042	quantity.multiply
quantity-composition/promotion/000043	quantity.convert
quantity-composition/promotion/000044	quantity.solve-linear
quantity-composition/promotion/000045	quantity.multiply
quantity-composition/promotion/000046	quantity.add
quantity-composition/promotion/000047	quantity.add
quantity-composition/promotion/000048	quantity.convert
quantity-composition/promotion/000049	quantity.solve-linear
quantity-composition/promotion/000050	quantity.multiply
quantity-composition/promotion/000051	quantity.add-rational
quantity-composition/promotion/000052	quantity.multiply
quantity-composition/promotion/000053	quantity.convert
quantity-composition/promotion/000054	quantity.multiply
quantity-composition/promotion/000055	quantity.add
quantity-composition/promotion/000056	quantity.multiply
quantity-composition/promotion/000057	quantity.add-rational
quantity-composition/promotion/000058	quantity.convert
quantity-composition/promotion/000059	quantity.solve-linear
quantity-composition/promotion/000060	quantity.multiply
quantity-composition/promotion/000061	quantity.multiply
quantity-composition/promotion/000062	quantity.multiply
quantity-composition/promotion/000063	quantity.convert
quantity-composition/promotion/000064	quantity.solve-linear
quantity-composition/promotion/000065	quantity.multiply
quantity-composition/promotion/000066	quantity.add
quantity-composition/promotion/000067	quantity.add
quantity-composition/promotion/000068	quantity.convert
quantity-composition/promotion/000069	quantity.add
quantity-composition/promotion/000070	quantity.multiply
quantity-composition/promotion/000071	quantity.add-rational
quantity-composition/promotion/000072	quantity.multiply
quantity-composition/promotion/000073	quantity.convert
quantity-composition/promotion/000074	quantity.multiply
quantity-composition/promotion/000075	quantity.add
quantity-composition/promotion/000076	quantity.multiply
quantity-composition/promotion/000077	quantity.add-rational
quantity-composition/promotion/000078	quantity.convert
quantity-composition/promotion/000079	quantity.solve-linear
quantity-composition/promotion/000080	quantity.multiply
quantity-composition/promotion/000081	quantity.multiply
quantity-composition/promotion/000082	quantity.multiply
quantity-composition/promotion/000083	quantity.convert
quantity-composition/promotion/000084	quantity.multiply
quantity-composition/promotion/000085	quantity.multiply
quantity-composition/promotion/000086	quantity.add
quantity-composition/promotion/000087	quantity.add
quantity-composition/promotion/000088	quantity.convert
quantity-composition/promotion/000089	quantity.solve-linear
quantity-composition/promotion/000090	quantity.multiply
quantity-composition/promotion/000091	quantity.add-rational
quantity-composition/promotion/000092	quantity.multiply
quantity-composition/promotion/000093	quantity.convert
quantity-composition/promotion/000094	quantity.multiply
quantity-composition/promotion/000095	quantity.add
quantity-composition/promotion/000096	quantity.multiply
quantity-composition/promotion/000097	quantity.add-rational
quantity-composition/promotion/000098	quantity.convert
quantity-composition/promotion/000099	quantity.solve-linear
quantity-composition/promotion/000100	quantity.multiply
quantity-composition/promotion/000101	quantity.multiply
quantity-composition/promotion/000102	quantity.multiply
quantity-composition/promotion/000103	quantity.convert
quantity-composition/promotion/000104	quantity.solve-linear
quantity-composition/promotion/000105	quantity.multiply
quantity-composition/promotion/000106	quantity.add
quantity-composition/promotion/000107	quantity.add
quantity-composition/promotion/000108	quantity.convert
quantity-composition/promotion/000109	quantity.solve-linear
quantity-composition/promotion/000110	quantity.multiply
quantity-composition/promotion/000111	quantity.add-rational
quantity-composition/promotion/000112	quantity.multiply
quantity-composition/promotion/000113	quantity.convert
quantity-composition/promotion/000114	quantity.multiply
quantity-composition/promotion/000115	quantity.add
quantity-composition/promotion/000116	quantity.multiply
quantity-composition/promotion/000117	quantity.add-rational
quantity-composition/promotion/000118	quantity.convert
quantity-composition/promotion/000119	quantity.solve-linear
quantity-composition/promotion/000120	quantity.multiply
quantity-composition/promotion/000121	quantity.multiply
quantity-composition/promotion/000122	quantity.multiply
quantity-composition/promotion/000123	quantity.convert
quantity-composition/promotion/000124	quantity.multiply
quantity-composition/promotion/000125	quantity.multiply
quantity-composition/promotion/000126	quantity.add
quantity-composition/promotion/000127	quantity.add
quantity-composition/promotion/000128	quantity.convert
quantity-composition/promotion/000129	quantity.solve-linear
quantity-composition/promotion/000130	quantity.multiply
quantity-composition/promotion/000131	quantity.multiply
quantity-composition/promotion/000132	quantity.multiply
quantity-composition/promotion/000133	quantity.convert
quantity-composition/promotion/000134	quantity.multiply
quantity-composition/promotion/000135	quantity.add
quantity-composition/promotion/000136	quantity.multiply
quantity-composition/promotion/000137	quantity.add-rational
quantity-composition/promotion/000138	quantity.convert
quantity-composition/promotion/000139	quantity.solve-linear
quantity-composition/promotion/000140	quantity.multiply
quantity-composition/promotion/000141	quantity.multiply
quantity-composition/promotion/000142	quantity.multiply
quantity-composition/promotion/000143	quantity.convert
quantity-composition/promotion/000144	quantity.solve-linear
quantity-composition/promotion/000145	quantity.multiply
quantity-composition/promotion/000146	quantity.add
quantity-composition/promotion/000147	quantity.add
quantity-composition/promotion/000148	quantity.convert
quantity-composition/promotion/000149	quantity.solve-linear
quantity-composition/promotion/000150	quantity.multiply
quantity-composition/promotion/000151	quantity.add-rational
quantity-composition/promotion/000152	quantity.multiply
quantity-composition/promotion/000153	quantity.convert
quantity-composition/promotion/000154	quantity.multiply
quantity-composition/promotion/000155	quantity.add
quantity-composition/promotion/000156	quantity.multiply
quantity-composition/promotion/000157	quantity.add-rational
quantity-composition/promotion/000158	quantity.convert
quantity-composition/promotion/000159	quantity.solve-linear
quantity-composition/promotion/000160	quantity.multiply
quantity-composition/promotion/000161	quantity.multiply
quantity-composition/promotion/000162	quantity.multiply
quantity-composition/promotion/000163	quantity.convert
quantity-composition/promotion/000164	quantity.solve-linear
quantity-composition/promotion/000165	quantity.multiply
quantity-composition/promotion/000166	quantity.add
quantity-composition/promotion/000167	quantity.add
quantity-composition/promotion/000168	quantity.convert
quantity-composition/promotion/000169	quantity.solve-linear
quantity-composition/promotion/000170	quantity.multiply
quantity-composition/promotion/000171	quantity.add-rational
quantity-composition/promotion/000172	quantity.multiply
quantity-composition/promotion/000173	quantity.convert
quantity-composition/promotion/000174	quantity.multiply
quantity-composition/promotion/000175	quantity.add
quantity-composition/promotion/000176	quantity.multiply
quantity-composition/promotion/000177	quantity.add-rational
quantity-composition/promotion/000178	quantity.convert
quantity-composition/promotion/000179	quantity.solve-linear
quantity-composition/promotion/000180	quantity.multiply
quantity-composition/promotion/000181	quantity.multiply
quantity-composition/promotion/000182	quantity.multiply
quantity-composition/promotion/000183	quantity.convert
quantity-composition/promotion/000184	quantity.solve-linear
quantity-composition/promotion/000185	quantity.multiply
quantity-composition/promotion/000186	quantity.add
quantity-composition/promotion/000187	quantity.add
quantity-composition/promotion/000188	quantity.convert
quantity-composition/promotion/000189	quantity.add
quantity-composition/promotion/000190	quantity.multiply
quantity-composition/promotion/000191	quantity.multiply
quantity-composition/promotion/000192	quantity.multiply
quantity-composition/promotion/000193	quantity.convert
quantity-composition/promotion/000194	quantity.multiply
quantity-composition/promotion/000195	quantity.add
quantity-composition/promotion/000196	quantity.multiply
quantity-composition/promotion/000197	quantity.add-rational
quantity-composition/promotion/000198	quantity.convert
quantity-composition/promotion/000199	quantity.solve-linear
quantity-composition/promotion/000200	quantity.multiply
quantity-composition/promotion/000201	quantity.multiply
quantity-composition/promotion/000202	quantity.multiply
quantity-composition/promotion/000203	quantity.convert
quantity-composition/promotion/000204	quantity.multiply
quantity-composition/promotion/000205	quantity.multiply
quantity-composition/promotion/000206	quantity.add
quantity-composition/promotion/000207	quantity.add
quantity-composition/promotion/000208	quantity.convert
quantity-composition/promotion/000209	quantity.solve-linear
quantity-composition/promotion/000210	quantity.multiply
quantity-composition/promotion/000211	quantity.add-rational
quantity-composition/promotion/000212	quantity.multiply
quantity-composition/promotion/000213	quantity.convert
quantity-composition/promotion/000214	quantity.multiply
quantity-composition/promotion/000215	quantity.add
quantity-composition/promotion/000216	quantity.multiply
quantity-composition/promotion/000217	quantity.add-rational
quantity-composition/promotion/000218	quantity.convert
quantity-composition/promotion/000219	quantity.solve-linear
quantity-composition/promotion/000220	quantity.multiply
quantity-composition/promotion/000221	quantity.multiply
quantity-composition/promotion/000222	quantity.multiply
quantity-composition/promotion/000223	quantity.convert
quantity-composition/promotion/000224	quantity.solve-linear
quantity-composition/promotion/000225	quantity.multiply
quantity-composition/promotion/000226	quantity.add
quantity-composition/promotion/000227	quantity.add
quantity-composition/promotion/000228	quantity.convert
quantity-composition/promotion/000229	quantity.solve-linear
quantity-composition/promotion/000230	quantity.multiply
quantity-composition/promotion/000231	quantity.add-rational
quantity-composition/promotion/000232	quantity.multiply
quantity-composition/promotion/000233	quantity.convert
quantity-composition/promotion/000234	quantity.multiply
quantity-composition/promotion/000235	quantity.add
quantity-composition/promotion/000236	quantity.multiply
quantity-composition/promotion/000237	quantity.add-rational
quantity-composition/promotion/000238	quantity.multiply
quantity-composition/promotion/000239	quantity.solve-linear
quantity-composition/promotion/000240	quantity.multiply
quantity-composition/promotion/000241	quantity.multiply
quantity-composition/promotion/000242	quantity.multiply
quantity-composition/promotion/000243	quantity.convert
quantity-composition/promotion/000244	quantity.solve-linear
quantity-composition/promotion/000245	quantity.multiply
quantity-composition/promotion/000246	quantity.add
quantity-composition/promotion/000247	quantity.add-rational
quantity-composition/promotion/000248	quantity.convert
quantity-composition/promotion/000249	quantity.add
quantity-composition/promotion/000250	quantity.multiply
quantity-composition/promotion/000251	quantity.add-rational
quantity-composition/promotion/000252	quantity.multiply
quantity-composition/promotion/000253	quantity.convert
quantity-composition/promotion/000254	quantity.multiply
quantity-composition/promotion/000255	quantity.add
quantity-composition/promotion/000256	quantity.multiply
quantity-composition/promotion/000257	quantity.add-rational
quantity-composition/promotion/000258	quantity.convert
quantity-composition/promotion/000259	quantity.solve-linear
quantity-composition/promotion/000260	quantity.multiply
quantity-composition/promotion/000261	quantity.multiply
quantity-composition/promotion/000262	quantity.multiply
quantity-composition/promotion/000263	quantity.convert
quantity-composition/promotion/000264	quantity.multiply
quantity-composition/promotion/000265	quantity.multiply
quantity-composition/promotion/000266	quantity.add
quantity-composition/promotion/000267	quantity.add
quantity-composition/promotion/000268	quantity.convert
quantity-composition/promotion/000269	quantity.add
quantity-composition/promotion/000270	quantity.multiply
quantity-composition/promotion/000271	quantity.multiply
quantity-composition/promotion/000272	quantity.multiply
quantity-composition/promotion/000273	quantity.convert
quantity-composition/promotion/000274	quantity.multiply
quantity-composition/promotion/000275	quantity.add
quantity-composition/promotion/000276	quantity.multiply
quantity-composition/promotion/000277	quantity.add-rational
quantity-composition/promotion/000278	quantity.convert
quantity-composition/promotion/000279	quantity.solve-linear
quantity-composition/promotion/000280	quantity.multiply
quantity-composition/promotion/000281	quantity.multiply
quantity-composition/promotion/000282	quantity.multiply
quantity-composition/promotion/000283	quantity.convert
quantity-composition/promotion/000284	quantity.solve-linear
quantity-composition/promotion/000285	quantity.multiply
quantity-composition/promotion/000286	quantity.add
quantity-composition/promotion/000287	quantity.add
quantity-composition/promotion/000288	quantity.convert
quantity-composition/promotion/000289	quantity.add
quantity-composition/promotion/000290	quantity.multiply
quantity-composition/promotion/000291	quantity.multiply
quantity-composition/promotion/000292	quantity.multiply
quantity-composition/promotion/000293	quantity.convert
quantity-composition/promotion/000294	quantity.multiply
quantity-composition/promotion/000295	quantity.add
quantity-composition/promotion/000296	quantity.multiply
quantity-composition/promotion/000297	quantity.add-rational
quantity-composition/promotion/000298	quantity.multiply
quantity-composition/promotion/000299	quantity.solve-linear
quantity-composition/promotion/000300	quantity.multiply
quantity-composition/promotion/000301	quantity.multiply
quantity-composition/promotion/000302	quantity.multiply
quantity-composition/promotion/000303	quantity.convert
quantity-composition/promotion/000304	quantity.solve-linear
quantity-composition/promotion/000305	quantity.multiply
quantity-composition/promotion/000306	quantity.add
quantity-composition/promotion/000307	quantity.add
quantity-composition/promotion/000308	quantity.convert
quantity-composition/promotion/000309	quantity.add
quantity-composition/promotion/000310	quantity.multiply
quantity-composition/promotion/000311	quantity.add-rational
quantity-composition/promotion/000312	quantity.multiply
quantity-composition/promotion/000313	quantity.convert
quantity-composition/promotion/000314	quantity.multiply
quantity-composition/promotion/000315	quantity.add
quantity-composition/promotion/000316	quantity.multiply
quantity-composition/promotion/000317	quantity.add-rational
quantity-composition/promotion/000318	quantity.convert
quantity-composition/promotion/000319	quantity.solve-linear
quantity-composition/promotion/000320	quantity.multiply
quantity-composition/promotion/000321	quantity.multiply
quantity-composition/promotion/000322	quantity.multiply
quantity-composition/promotion/000323	quantity.convert
quantity-composition/promotion/000324	quantity.solve-linear
quantity-composition/promotion/000325	quantity.multiply
quantity-composition/promotion/000326	quantity.add
quantity-composition/promotion/000327	quantity.add
quantity-composition/promotion/000328	quantity.convert
quantity-composition/promotion/000329	quantity.add
quantity-composition/promotion/000330	quantity.multiply
quantity-composition/promotion/000331	quantity.add-rational
quantity-composition/promotion/000332	quantity.multiply
quantity-composition/promotion/000333	quantity.convert
quantity-composition/promotion/000334	quantity.multiply
quantity-composition/promotion/000335	quantity.add
quantity-composition/promotion/000336	quantity.multiply
quantity-composition/promotion/000337	quantity.add-rational
quantity-composition/promotion/000338	quantity.convert
quantity-composition/promotion/000339	quantity.solve-linear
quantity-composition/promotion/000340	quantity.multiply
quantity-composition/promotion/000341	quantity.multiply
quantity-composition/promotion/000342	quantity.multiply
quantity-composition/promotion/000343	quantity.convert
quantity-composition/promotion/000344	quantity.solve-linear
quantity-composition/promotion/000345	quantity.multiply
quantity-composition/promotion/000346	quantity.add
quantity-composition/promotion/000347	quantity.add
quantity-composition/promotion/000348	quantity.convert
quantity-composition/promotion/000349	quantity.solve-linear
quantity-composition/promotion/000350	quantity.multiply
quantity-composition/promotion/000351	quantity.multiply
quantity-composition/promotion/000352	quantity.multiply
quantity-composition/promotion/000353	quantity.convert
quantity-composition/promotion/000354	quantity.multiply
quantity-composition/promotion/000355	quantity.add
quantity-composition/promotion/000356	quantity.multiply
quantity-composition/promotion/000357	quantity.add-rational
quantity-composition/promotion/000358	quantity.convert
quantity-composition/promotion/000359	quantity.solve-linear
quantity-composition/promotion/000360	quantity.multiply
quantity-composition/promotion/000361	quantity.multiply
quantity-composition/promotion/000362	quantity.multiply
quantity-composition/promotion/000363	quantity.convert
quantity-composition/promotion/000364	quantity.solve-linear
quantity-composition/promotion/000365	quantity.multiply
quantity-composition/promotion/000366	quantity.add
quantity-composition/promotion/000367	quantity.add
quantity-composition/promotion/000368	quantity.convert
quantity-composition/promotion/000369	quantity.solve-linear
quantity-composition/promotion/000370	quantity.multiply
quantity-composition/promotion/000371	quantity.multiply
quantity-composition/promotion/000372	quantity.add-rational
quantity-composition/promotion/000373	quantity.convert
quantity-composition/promotion/000374	quantity.multiply
quantity-composition/promotion/000375	quantity.add
quantity-composition/promotion/000376	quantity.multiply
quantity-composition/promotion/000377	quantity.add-rational
quantity-composition/promotion/000378	quantity.convert
quantity-composition/promotion/000379	quantity.solve-linear
quantity-composition/promotion/000380	quantity.multiply
quantity-composition/promotion/000381	quantity.multiply
quantity-composition/promotion/000382	quantity.multiply
quantity-composition/promotion/000383	quantity.convert
quantity-composition/promotion/000384	quantity.solve-linear
quantity-composition/promotion/000385	quantity.multiply
quantity-composition/promotion/000386	quantity.add
quantity-composition/promotion/000387	quantity.add
quantity-composition/promotion/000388	quantity.convert
quantity-composition/promotion/000389	quantity.add
quantity-composition/promotion/000390	quantity.multiply
quantity-composition/promotion/000391	quantity.add-rational
quantity-composition/promotion/000392	quantity.multiply
quantity-composition/promotion/000393	quantity.convert
quantity-composition/promotion/000394	quantity.multiply
quantity-composition/promotion/000395	quantity.add
quantity-composition/promotion/000396	quantity.multiply
quantity-composition/promotion/000397	quantity.add-rational
quantity-composition/promotion/000398	quantity.convert
quantity-composition/promotion/000399	quantity.solve-linear
quantity-composition/promotion/000400	quantity.multiply
quantity-composition/promotion/000401	quantity.multiply
quantity-composition/promotion/000402	quantity.multiply
quantity-composition/promotion/000403	quantity.convert
quantity-composition/promotion/000404	quantity.solve-linear
quantity-composition/promotion/000405	quantity.multiply
quantity-composition/promotion/000406	quantity.add
quantity-composition/promotion/000407	quantity.add
quantity-composition/promotion/000408	quantity.convert
quantity-composition/promotion/000409	quantity.solve-linear
quantity-composition/promotion/000410	quantity.multiply
quantity-composition/promotion/000411	quantity.add-rational
quantity-composition/promotion/000412	quantity.multiply
quantity-composition/promotion/000413	quantity.convert
quantity-composition/promotion/000414	quantity.multiply
quantity-composition/promotion/000415	quantity.add
quantity-composition/promotion/000416	quantity.multiply
quantity-composition/promotion/000417	quantity.add-rational
quantity-composition/promotion/000418	quantity.convert
quantity-composition/promotion/000419	quantity.solve-linear
quantity-composition/promotion/000420	quantity.multiply
quantity-composition/promotion/000421	quantity.multiply
quantity-composition/promotion/000422	quantity.multiply
quantity-composition/promotion/000423	quantity.convert
quantity-composition/promotion/000424	quantity.solve-linear
quantity-composition/promotion/000425	quantity.multiply
quantity-composition/promotion/000426	quantity.add
quantity-composition/promotion/000427	quantity.add
quantity-composition/promotion/000428	quantity.convert
quantity-composition/promotion/000429	quantity.add-rational
quantity-composition/promotion/000430	quantity.multiply
quantity-composition/promotion/000431	quantity.add-rational
quantity-composition/promotion/000432	quantity.multiply
quantity-composition/promotion/000433	quantity.convert
quantity-composition/promotion/000434	quantity.multiply
quantity-composition/promotion/000435	quantity.add
quantity-composition/promotion/000436	quantity.multiply
quantity-composition/promotion/000437	quantity.add-rational
quantity-composition/promotion/000438	quantity.multiply
quantity-composition/promotion/000439	quantity.solve-linear
quantity-composition/promotion/000440	quantity.multiply
quantity-composition/promotion/000441	quantity.multiply
quantity-composition/promotion/000442	quantity.multiply
quantity-composition/promotion/000443	quantity.convert
quantity-composition/promotion/000444	quantity.multiply
quantity-composition/promotion/000445	quantity.multiply
quantity-composition/promotion/000446	quantity.add
quantity-composition/promotion/000447	quantity.add
quantity-composition/promotion/000448	quantity.convert
quantity-composition/promotion/000449	quantity.solve-linear
quantity-composition/promotion/000450	quantity.multiply
quantity-composition/promotion/000451	quantity.multiply
quantity-composition/promotion/000452	quantity.add-rational
quantity-composition/promotion/000453	quantity.convert
quantity-composition/promotion/000454	quantity.multiply
quantity-composition/promotion/000455	quantity.add
quantity-composition/promotion/000456	quantity.multiply
quantity-composition/promotion/000457	quantity.add-rational
quantity-composition/promotion/000458	quantity.multiply
quantity-composition/promotion/000459	quantity.solve-linear
quantity-composition/promotion/000460	quantity.multiply
quantity-composition/promotion/000461	quantity.multiply
quantity-composition/promotion/000462	quantity.multiply
quantity-composition/promotion/000463	quantity.convert
quantity-composition/promotion/000464	quantity.solve-linear
quantity-composition/promotion/000465	quantity.multiply
quantity-composition/promotion/000466	quantity.add
quantity-composition/promotion/000467	quantity.add
quantity-composition/promotion/000468	quantity.convert
quantity-composition/promotion/000469	quantity.add
quantity-composition/promotion/000470	quantity.multiply
quantity-composition/promotion/000471	quantity.add-rational
quantity-composition/promotion/000472	quantity.add-rational
quantity-composition/promotion/000473	quantity.convert
quantity-composition/promotion/000474	quantity.multiply
quantity-composition/promotion/000475	quantity.add
quantity-composition/promotion/000476	quantity.multiply
quantity-composition/promotion/000477	quantity.add-rational
quantity-composition/promotion/000478	quantity.convert
quantity-composition/promotion/000479	quantity.solve-linear
quantity-composition/promotion/000480	quantity.multiply
quantity-composition/promotion/000481	quantity.multiply
quantity-composition/promotion/000482	quantity.multiply
quantity-composition/promotion/000483	quantity.convert
quantity-composition/promotion/000484	quantity.solve-linear
quantity-composition/promotion/000485	quantity.multiply
quantity-composition/promotion/000486	quantity.add
quantity-composition/promotion/000487	quantity.add
quantity-composition/promotion/000488	quantity.convert
quantity-composition/promotion/000489	quantity.add
quantity-composition/promotion/000490	quantity.multiply
quantity-composition/promotion/000491	quantity.add-rational
quantity-composition/promotion/000492	quantity.multiply
quantity-composition/promotion/000493	quantity.convert
quantity-composition/promotion/000494	quantity.multiply
quantity-composition/promotion/000495	quantity.add
quantity-composition/promotion/000496	quantity.multiply
quantity-composition/promotion/000497	quantity.add-rational
quantity-composition/promotion/000498	quantity.convert
quantity-composition/promotion/000499	quantity.solve-linear
quantity-composition/promotion/000500	quantity.multiply
quantity-composition/promotion/000501	quantity.multiply
quantity-composition/promotion/000502	quantity.multiply
quantity-composition/promotion/000503	quantity.convert
quantity-composition/promotion/000504	quantity.solve-linear
quantity-composition/promotion/000505	quantity.multiply
quantity-composition/promotion/000506	quantity.add
quantity-composition/promotion/000507	quantity.add
quantity-composition/promotion/000508	quantity.convert
quantity-composition/promotion/000509	quantity.add
quantity-composition/promotion/000510	quantity.multiply
quantity-composition/promotion/000511	quantity.add-rational
quantity-composition/promotion/000512	quantity.multiply
quantity-composition/promotion/000513	quantity.convert
quantity-composition/promotion/000514	quantity.multiply
quantity-composition/promotion/000515	quantity.add
quantity-composition/promotion/000516	quantity.multiply
quantity-composition/promotion/000517	quantity.add-rational
quantity-composition/promotion/000518	quantity.multiply
quantity-composition/promotion/000519	quantity.solve-linear
quantity-composition/promotion/000520	quantity.multiply
quantity-composition/promotion/000521	quantity.multiply
quantity-composition/promotion/000522	quantity.multiply
quantity-composition/promotion/000523	quantity.convert
quantity-composition/promotion/000524	quantity.multiply
quantity-composition/promotion/000525	quantity.multiply
quantity-composition/promotion/000526	quantity.add
quantity-composition/promotion/000527	quantity.add
quantity-composition/promotion/000528	quantity.convert
quantity-composition/promotion/000529	quantity.solve-linear
quantity-composition/promotion/000530	quantity.multiply
quantity-composition/promotion/000531	quantity.multiply
quantity-composition/promotion/000532	quantity.multiply
quantity-composition/promotion/000533	quantity.convert
quantity-composition/promotion/000534	quantity.multiply
quantity-composition/promotion/000535	quantity.add
quantity-composition/promotion/000536	quantity.multiply
quantity-composition/promotion/000537	quantity.add-rational
quantity-composition/promotion/000538	quantity.convert
quantity-composition/promotion/000539	quantity.solve-linear
quantity-composition/promotion/000540	quantity.multiply
quantity-composition/promotion/000541	quantity.multiply
quantity-composition/promotion/000542	quantity.multiply
quantity-composition/promotion/000543	quantity.convert
quantity-composition/promotion/000544	quantity.solve-linear
quantity-composition/promotion/000545	quantity.multiply
quantity-composition/promotion/000546	quantity.add
quantity-composition/promotion/000547	quantity.add
quantity-composition/promotion/000548	quantity.convert
quantity-composition/promotion/000549	quantity.add
quantity-composition/promotion/000550	quantity.multiply
quantity-composition/promotion/000551	quantity.multiply
quantity-composition/promotion/000552	quantity.multiply
quantity-composition/promotion/000553	quantity.convert
quantity-composition/promotion/000554	quantity.multiply
quantity-composition/promotion/000555	quantity.add
quantity-composition/promotion/000556	quantity.multiply
quantity-composition/promotion/000557	quantity.add-rational
quantity-composition/promotion/000558	quantity.convert
quantity-composition/promotion/000559	quantity.solve-linear
quantity-composition/promotion/000560	quantity.multiply
quantity-composition/promotion/000561	quantity.multiply
quantity-composition/promotion/000562	quantity.multiply
quantity-composition/promotion/000563	quantity.convert
quantity-composition/promotion/000564	quantity.solve-linear
quantity-composition/promotion/000565	quantity.multiply
quantity-composition/promotion/000566	quantity.add
quantity-composition/promotion/000567	quantity.add
quantity-composition/promotion/000568	quantity.convert
quantity-composition/promotion/000569	quantity.add
quantity-composition/promotion/000570	quantity.multiply
quantity-composition/promotion/000571	quantity.add-rational
quantity-composition/promotion/000572	quantity.multiply
quantity-composition/promotion/000573	quantity.convert
quantity-composition/promotion/000574	quantity.multiply
quantity-composition/promotion/000575	quantity.add
quantity-composition/promotion/000576	quantity.multiply
quantity-composition/promotion/000577	quantity.add-rational
quantity-composition/promotion/000578	quantity.convert
quantity-composition/promotion/000579	quantity.solve-linear
quantity-composition/promotion/000580	quantity.multiply
quantity-composition/promotion/000581	quantity.multiply
quantity-composition/promotion/000582	quantity.multiply
quantity-composition/promotion/000583	quantity.convert
quantity-composition/promotion/000584	quantity.solve-linear
quantity-composition/promotion/000585	quantity.multiply
quantity-composition/promotion/000586	quantity.add
quantity-composition/promotion/000587	quantity.add
quantity-composition/promotion/000588	quantity.convert
quantity-composition/promotion/000589	quantity.solve-linear
quantity-composition/promotion/000590	quantity.multiply
quantity-composition/promotion/000591	quantity.add-rational
quantity-composition/promotion/000592	quantity.multiply
quantity-composition/promotion/000593	quantity.convert
quantity-composition/promotion/000594	quantity.multiply
quantity-composition/promotion/000595	quantity.add
quantity-composition/promotion/000596	quantity.multiply
quantity-composition/promotion/000597	quantity.add-rational
quantity-composition/promotion/000598	quantity.multiply
quantity-composition/promotion/000599	quantity.solve-linear
quantity-composition/promotion/000600	quantity.multiply
quantity-composition/promotion/000601	quantity.multiply
quantity-composition/promotion/000602	quantity.multiply
quantity-composition/promotion/000603	quantity.convert
quantity-composition/promotion/000604	quantity.multiply
quantity-composition/promotion/000605	quantity.multiply
quantity-composition/promotion/000606	quantity.add
quantity-composition/promotion/000607	quantity.add
quantity-composition/promotion/000608	quantity.convert
quantity-composition/promotion/000609	quantity.solve-linear
quantity-composition/promotion/000610	quantity.multiply
quantity-composition/promotion/000611	quantity.multiply
quantity-composition/promotion/000612	quantity.add-rational
quantity-composition/promotion/000613	quantity.convert
quantity-composition/promotion/000614	quantity.multiply
quantity-composition/promotion/000615	quantity.add
quantity-composition/promotion/000616	quantity.multiply
quantity-composition/promotion/000617	quantity.add-rational
quantity-composition/promotion/000618	quantity.convert
quantity-composition/promotion/000619	quantity.solve-linear
quantity-composition/promotion/000620	quantity.multiply
quantity-composition/promotion/000621	quantity.multiply
quantity-composition/promotion/000622	quantity.multiply
quantity-composition/promotion/000623	quantity.convert
quantity-composition/promotion/000624	quantity.multiply
quantity-composition/promotion/000625	quantity.multiply
quantity-composition/promotion/000626	quantity.add
quantity-composition/promotion/000627	quantity.add
quantity-composition/promotion/000628	quantity.convert
quantity-composition/promotion/000629	quantity.solve-linear
quantity-composition/promotion/000630	quantity.multiply
quantity-composition/promotion/000631	quantity.add-rational
quantity-composition/promotion/000632	quantity.multiply
quantity-composition/promotion/000633	quantity.convert
quantity-composition/promotion/000634	quantity.multiply
quantity-composition/promotion/000635	quantity.add
quantity-composition/promotion/000636	quantity.multiply
quantity-composition/promotion/000637	quantity.add-rational
quantity-composition/promotion/000638	quantity.convert
quantity-composition/promotion/000639	quantity.solve-linear
quantity-composition/promotion/000640	quantity.multiply
quantity-composition/promotion/000641	quantity.multiply
quantity-composition/promotion/000642	quantity.multiply
quantity-composition/promotion/000643	quantity.convert
quantity-composition/promotion/000644	quantity.multiply
quantity-composition/promotion/000645	quantity.multiply
quantity-composition/promotion/000646	quantity.add
quantity-composition/promotion/000647	quantity.add
quantity-composition/promotion/000648	quantity.convert
quantity-composition/promotion/000649	quantity.solve-linear
quantity-composition/promotion/000650	quantity.multiply
quantity-composition/promotion/000651	quantity.add-rational
quantity-composition/promotion/000652	quantity.multiply
quantity-composition/promotion/000653	quantity.convert
quantity-composition/promotion/000654	quantity.multiply
quantity-composition/promotion/000655	quantity.add
quantity-composition/promotion/000656	quantity.multiply
quantity-composition/promotion/000657	quantity.add-rational
quantity-composition/promotion/000658	quantity.multiply
quantity-composition/promotion/000659	quantity.solve-linear
quantity-composition/promotion/000660	quantity.multiply
quantity-composition/promotion/000661	quantity.multiply
quantity-composition/promotion/000662	quantity.multiply
quantity-composition/promotion/000663	quantity.convert
quantity-composition/promotion/000664	quantity.multiply
quantity-composition/promotion/000665	quantity.multiply
quantity-composition/promotion/000666	quantity.add
quantity-composition/promotion/000667	quantity.add
quantity-composition/promotion/000668	quantity.convert
quantity-composition/promotion/000669	quantity.solve-linear
quantity-composition/promotion/000670	quantity.multiply
quantity-composition/promotion/000671	quantity.multiply
quantity-composition/promotion/000672	quantity.multiply
quantity-composition/promotion/000673	quantity.convert
quantity-composition/promotion/000674	quantity.multiply
quantity-composition/promotion/000675	quantity.add
quantity-composition/promotion/000676	quantity.multiply
quantity-composition/promotion/000677	quantity.add-rational
quantity-composition/promotion/000678	quantity.convert
quantity-composition/promotion/000679	quantity.solve-linear
quantity-composition/promotion/000680	quantity.multiply
quantity-composition/promotion/000681	quantity.multiply
quantity-composition/promotion/000682	quantity.multiply
quantity-composition/promotion/000683	quantity.convert
quantity-composition/promotion/000684	quantity.solve-linear
quantity-composition/promotion/000685	quantity.multiply
quantity-composition/promotion/000686	quantity.add
quantity-composition/promotion/000687	quantity.add
quantity-composition/promotion/000688	quantity.convert
quantity-composition/promotion/000689	quantity.solve-linear
quantity-composition/promotion/000690	quantity.multiply
quantity-composition/promotion/000691	quantity.multiply
quantity-composition/promotion/000692	quantity.multiply
quantity-composition/promotion/000693	quantity.convert
quantity-composition/promotion/000694	quantity.multiply
quantity-composition/promotion/000695	quantity.add
quantity-composition/promotion/000696	quantity.multiply
quantity-composition/promotion/000697	quantity.add-rational
quantity-composition/promotion/000698	quantity.convert
quantity-composition/promotion/000699	quantity.solve-linear
quantity-composition/promotion/000700	quantity.multiply
quantity-composition/promotion/000701	quantity.multiply
quantity-composition/promotion/000702	quantity.multiply
quantity-composition/promotion/000703	quantity.convert
quantity-composition/promotion/000704	quantity.solve-linear
quantity-composition/promotion/000705	quantity.multiply
quantity-composition/promotion/000706	quantity.add
quantity-composition/promotion/000707	quantity.add
quantity-composition/promotion/000708	quantity.convert
quantity-composition/promotion/000709	quantity.solve-linear
quantity-composition/promotion/000710	quantity.multiply
quantity-composition/promotion/000711	quantity.multiply
quantity-composition/promotion/000712	quantity.add-rational
quantity-composition/promotion/000713	quantity.convert
quantity-composition/promotion/000714	quantity.multiply
quantity-composition/promotion/000715	quantity.add
quantity-composition/promotion/000716	quantity.multiply
quantity-composition/promotion/000717	quantity.add-rational
quantity-composition/promotion/000718	quantity.convert
quantity-composition/promotion/000719	quantity.solve-linear
quantity-composition/promotion/000720	quantity.multiply
quantity-composition/promotion/000721	quantity.multiply
quantity-composition/promotion/000722	quantity.multiply
quantity-composition/promotion/000723	quantity.convert
quantity-composition/promotion/000724	quantity.multiply
quantity-composition/promotion/000725	quantity.multiply
quantity-composition/promotion/000726	quantity.add
quantity-composition/promotion/000727	quantity.add
quantity-composition/promotion/000728	quantity.convert
quantity-composition/promotion/000729	quantity.add
quantity-composition/promotion/000730	quantity.multiply
quantity-composition/promotion/000731	quantity.add-rational
quantity-composition/promotion/000732	quantity.multiply
quantity-composition/promotion/000733	quantity.convert
quantity-composition/promotion/000734	quantity.multiply
quantity-composition/promotion/000735	quantity.add
quantity-composition/promotion/000736	quantity.multiply
quantity-composition/promotion/000737	quantity.add-rational
quantity-composition/promotion/000738	quantity.multiply
quantity-composition/promotion/000739	quantity.solve-linear
quantity-composition/promotion/000740	quantity.multiply
quantity-composition/promotion/000741	quantity.multiply
quantity-composition/promotion/000742	quantity.multiply
quantity-composition/promotion/000743	quantity.convert
quantity-composition/promotion/000744	quantity.multiply
quantity-composition/promotion/000745	quantity.multiply
quantity-composition/promotion/000746	quantity.add
quantity-composition/promotion/000747	quantity.add
quantity-composition/promotion/000748	quantity.convert
quantity-composition/promotion/000749	quantity.add
quantity-composition/promotion/000750	quantity.multiply
quantity-composition/promotion/000751	quantity.add-rational
quantity-composition/promotion/000752	quantity.multiply
quantity-composition/promotion/000753	quantity.convert
quantity-composition/promotion/000754	quantity.multiply
quantity-composition/promotion/000755	quantity.add
quantity-composition/promotion/000756	quantity.multiply
quantity-composition/promotion/000757	quantity.add-rational
quantity-composition/promotion/000758	quantity.convert
quantity-composition/promotion/000759	quantity.solve-linear
quantity-composition/promotion/000760	quantity.multiply
quantity-composition/promotion/000761	quantity.multiply
quantity-composition/promotion/000762	quantity.multiply
quantity-composition/promotion/000763	quantity.convert
quantity-composition/promotion/000764	quantity.solve-linear
quantity-composition/promotion/000765	quantity.multiply
quantity-composition/promotion/000766	quantity.add
quantity-composition/promotion/000767	quantity.add
quantity-composition/promotion/000768	quantity.convert
quantity-composition/promotion/000769	quantity.solve-linear
quantity-composition/promotion/000770	quantity.multiply
quantity-composition/promotion/000771	quantity.add-rational
quantity-composition/promotion/000772	quantity.add-rational
quantity-composition/promotion/000773	quantity.convert
quantity-composition/promotion/000774	quantity.multiply
quantity-composition/promotion/000775	quantity.add
quantity-composition/promotion/000776	quantity.multiply
quantity-composition/promotion/000777	quantity.add-rational
quantity-composition/promotion/000778	quantity.convert
quantity-composition/promotion/000779	quantity.solve-linear
quantity-composition/promotion/000780	quantity.multiply
quantity-composition/promotion/000781	quantity.multiply
quantity-composition/promotion/000782	quantity.multiply
quantity-composition/promotion/000783	quantity.convert
quantity-composition/promotion/000784	quantity.multiply
quantity-composition/promotion/000785	quantity.multiply
quantity-composition/promotion/000786	quantity.add
quantity-composition/promotion/000787	quantity.add
quantity-composition/promotion/000788	quantity.convert
quantity-composition/promotion/000789	quantity.add
quantity-composition/promotion/000790	quantity.multiply
quantity-composition/promotion/000791	quantity.multiply
quantity-composition/promotion/000792	quantity.add-rational
quantity-composition/promotion/000793	quantity.convert
quantity-composition/promotion/000794	quantity.multiply
quantity-composition/promotion/000795	quantity.add
quantity-composition/promotion/000796	quantity.multiply
quantity-composition/promotion/000797	quantity.add-rational
quantity-composition/promotion/000798	quantity.convert
quantity-composition/promotion/000799	quantity.solve-linear
quantity-composition/promotion/000800	quantity.multiply
quantity-composition/promotion/000801	quantity.multiply
quantity-composition/promotion/000802	quantity.multiply
quantity-composition/promotion/000803	quantity.convert
quantity-composition/promotion/000804	quantity.solve-linear
quantity-composition/promotion/000805	quantity.multiply
quantity-composition/promotion/000806	quantity.add
quantity-composition/promotion/000807	quantity.add
quantity-composition/promotion/000808	quantity.convert
quantity-composition/promotion/000809	quantity.solve-linear
quantity-composition/promotion/000810	quantity.multiply
quantity-composition/promotion/000811	quantity.multiply
quantity-composition/promotion/000812	quantity.add-rational
quantity-composition/promotion/000813	quantity.convert
quantity-composition/promotion/000814	quantity.multiply
quantity-composition/promotion/000815	quantity.add
quantity-composition/promotion/000816	quantity.multiply
quantity-composition/promotion/000817	quantity.add-rational
quantity-composition/promotion/000818	quantity.convert
quantity-composition/promotion/000819	quantity.solve-linear
quantity-composition/promotion/000820	quantity.multiply
quantity-composition/promotion/000821	quantity.multiply
quantity-composition/promotion/000822	quantity.multiply
quantity-composition/promotion/000823	quantity.convert
quantity-composition/promotion/000824	quantity.solve-linear
quantity-composition/promotion/000825	quantity.multiply
quantity-composition/promotion/000826	quantity.add
quantity-composition/promotion/000827	quantity.add
quantity-composition/promotion/000828	quantity.convert
quantity-composition/promotion/000829	quantity.add
quantity-composition/promotion/000830	quantity.multiply
quantity-composition/promotion/000831	quantity.multiply
quantity-composition/promotion/000832	quantity.multiply
quantity-composition/promotion/000833	quantity.convert
quantity-composition/promotion/000834	quantity.multiply
quantity-composition/promotion/000835	quantity.add
quantity-composition/promotion/000836	quantity.multiply
quantity-composition/promotion/000837	quantity.add-rational
quantity-composition/promotion/000838	quantity.convert
quantity-composition/promotion/000839	quantity.solve-linear
quantity-composition/promotion/000840	quantity.multiply
quantity-composition/promotion/000841	quantity.multiply
quantity-composition/promotion/000842	quantity.multiply
quantity-composition/promotion/000843	quantity.convert
quantity-composition/promotion/000844	quantity.solve-linear
quantity-composition/promotion/000845	quantity.multiply
quantity-composition/promotion/000846	quantity.add
quantity-composition/promotion/000847	quantity.add
quantity-composition/promotion/000848	quantity.convert
quantity-composition/promotion/000849	quantity.add
quantity-composition/promotion/000850	quantity.multiply
quantity-composition/promotion/000851	quantity.multiply
quantity-composition/promotion/000852	quantity.multiply
quantity-composition/promotion/000853	quantity.convert
quantity-composition/promotion/000854	quantity.multiply
quantity-composition/promotion/000855	quantity.add
quantity-composition/promotion/000856	quantity.multiply
quantity-composition/promotion/000857	quantity.add-rational
quantity-composition/promotion/000858	quantity.convert
quantity-composition/promotion/000859	quantity.solve-linear
quantity-composition/promotion/000860	quantity.multiply
quantity-composition/promotion/000861	quantity.multiply
quantity-composition/promotion/000862	quantity.multiply
quantity-composition/promotion/000863	quantity.convert
quantity-composition/promotion/000864	quantity.solve-linear
quantity-composition/promotion/000865	quantity.multiply
quantity-composition/promotion/000866	quantity.add
quantity-composition/promotion/000867	quantity.add
quantity-composition/promotion/000868	quantity.convert
quantity-composition/promotion/000869	quantity.solve-linear
quantity-composition/promotion/000870	quantity.multiply
quantity-composition/promotion/000871	quantity.add-rational
quantity-composition/promotion/000872	quantity.multiply
quantity-composition/promotion/000873	quantity.convert
quantity-composition/promotion/000874	quantity.multiply
quantity-composition/promotion/000875	quantity.add
quantity-composition/promotion/000876	quantity.multiply
quantity-composition/promotion/000877	quantity.add-rational
quantity-composition/promotion/000878	quantity.convert
quantity-composition/promotion/000879	quantity.solve-linear
quantity-composition/promotion/000880	quantity.multiply
quantity-composition/promotion/000881	quantity.multiply
quantity-composition/promotion/000882	quantity.multiply
quantity-composition/promotion/000883	quantity.convert
quantity-composition/promotion/000884	quantity.solve-linear
quantity-composition/promotion/000885	quantity.multiply
quantity-composition/promotion/000886	quantity.add
quantity-composition/promotion/000887	quantity.add
quantity-composition/promotion/000888	quantity.convert
quantity-composition/promotion/000889	quantity.add
quantity-composition/promotion/000890	quantity.multiply
quantity-composition/promotion/000891	quantity.multiply
quantity-composition/promotion/000892	quantity.multiply
quantity-composition/promotion/000893	quantity.convert
quantity-composition/promotion/000894	quantity.multiply
quantity-composition/promotion/000895	quantity.add
quantity-composition/promotion/000896	quantity.multiply
quantity-composition/promotion/000897	quantity.add-rational
quantity-composition/promotion/000898	quantity.convert
quantity-composition/promotion/000899	quantity.solve-linear
quantity-composition/promotion/000900	quantity.multiply
quantity-composition/promotion/000901	quantity.multiply
quantity-composition/promotion/000902	quantity.multiply
quantity-composition/promotion/000903	quantity.convert
quantity-composition/promotion/000904	quantity.solve-linear
quantity-composition/promotion/000905	quantity.multiply
quantity-composition/promotion/000906	quantity.add
quantity-composition/promotion/000907	quantity.add
quantity-composition/promotion/000908	quantity.convert
quantity-composition/promotion/000909	quantity.add-rational
quantity-composition/promotion/000910	quantity.multiply
quantity-composition/promotion/000911	quantity.add-rational
quantity-composition/promotion/000912	quantity.multiply
quantity-composition/promotion/000913	quantity.convert
quantity-composition/promotion/000914	quantity.multiply
quantity-composition/promotion/000915	quantity.add
quantity-composition/promotion/000916	quantity.multiply
quantity-composition/promotion/000917	quantity.add-rational
quantity-composition/promotion/000918	quantity.convert
quantity-composition/promotion/000919	quantity.solve-linear
quantity-composition/promotion/000920	quantity.multiply
quantity-composition/promotion/000921	quantity.multiply
quantity-composition/promotion/000922	quantity.multiply
quantity-composition/promotion/000923	quantity.convert
quantity-composition/promotion/000924	quantity.multiply
quantity-composition/promotion/000925	quantity.multiply
quantity-composition/promotion/000926	quantity.add
quantity-composition/promotion/000927	quantity.add
quantity-composition/promotion/000928	quantity.convert
quantity-composition/promotion/000929	quantity.add
quantity-composition/promotion/000930	quantity.multiply
quantity-composition/promotion/000931	quantity.multiply
quantity-composition/promotion/000932	quantity.multiply
quantity-composition/promotion/000933	quantity.convert
quantity-composition/promotion/000934	quantity.multiply
quantity-composition/promotion/000935	quantity.add
quantity-composition/promotion/000936	quantity.multiply
quantity-composition/promotion/000937	quantity.add-rational
quantity-composition/promotion/000938	quantity.convert
quantity-composition/promotion/000939	quantity.solve-linear
quantity-composition/promotion/000940	quantity.multiply
quantity-composition/promotion/000941	quantity.multiply
quantity-composition/promotion/000942	quantity.multiply
quantity-composition/promotion/000943	quantity.convert
quantity-composition/promotion/000944	quantity.multiply
quantity-composition/promotion/000945	quantity.multiply
quantity-composition/promotion/000946	quantity.add
quantity-composition/promotion/000947	quantity.add
quantity-composition/promotion/000948	quantity.convert
quantity-composition/promotion/000949	quantity.solve-linear
quantity-composition/promotion/000950	quantity.multiply
quantity-composition/promotion/000951	quantity.add-rational
quantity-composition/promotion/000952	quantity.multiply
quantity-composition/promotion/000953	quantity.convert
quantity-composition/promotion/000954	quantity.multiply
quantity-composition/promotion/000955	quantity.add
quantity-composition/promotion/000956	quantity.multiply
quantity-composition/promotion/000957	quantity.add-rational
quantity-composition/promotion/000958	quantity.convert
quantity-composition/promotion/000959	quantity.solve-linear
quantity-composition/promotion/000960	quantity.multiply
quantity-composition/promotion/000961	quantity.multiply
quantity-composition/promotion/000962	quantity.multiply
quantity-composition/promotion/000963	quantity.convert
quantity-composition/promotion/000964	quantity.multiply
quantity-composition/promotion/000965	quantity.multiply
quantity-composition/promotion/000966	quantity.add
quantity-composition/promotion/000967	quantity.add
quantity-composition/promotion/000968	quantity.convert
quantity-composition/promotion/000969	quantity.solve-linear
quantity-composition/promotion/000970	quantity.add-rational
quantity-composition/promotion/000971	quantity.add-rational
quantity-composition/promotion/000972	quantity.multiply
quantity-composition/promotion/000973	quantity.convert
quantity-composition/promotion/000974	quantity.multiply
quantity-composition/promotion/000975	quantity.add
quantity-composition/promotion/000976	quantity.multiply
quantity-composition/promotion/000977	quantity.add-rational
quantity-composition/promotion/000978	quantity.convert
quantity-composition/promotion/000979	quantity.solve-linear
quantity-composition/promotion/000980	quantity.multiply
quantity-composition/promotion/000981	quantity.multiply
quantity-composition/promotion/000982	quantity.multiply
quantity-composition/promotion/000983	quantity.convert
quantity-composition/promotion/000984	quantity.solve-linear
quantity-composition/promotion/000985	quantity.multiply
quantity-composition/promotion/000986	quantity.add
quantity-composition/promotion/000987	quantity.add
quantity-composition/promotion/000988	quantity.convert
quantity-composition/promotion/000989	quantity.solve-linear
quantity-composition/promotion/000990	quantity.multiply
quantity-composition/promotion/000991	quantity.multiply
quantity-composition/promotion/000992	quantity.multiply
quantity-composition/promotion/000993	quantity.convert
quantity-composition/promotion/000994	quantity.multiply
quantity-composition/promotion/000995	quantity.add
quantity-composition/promotion/000996	quantity.multiply
quantity-composition/promotion/000997	quantity.add-rational
quantity-composition/promotion/000998	quantity.convert
quantity-composition/promotion/000999	quantity.solve-linear
