token_id	lexeme	count
256	,	6114
257	the	4810
258	.	4757
259	and	2986
260	of	2434
261	!	1644
262	to	1471
263	in	1385
264	i	1362
265	a	1269
266	that	1089
267	;	1034
268	my	967
269	is	946
270	-	900
271	with	714
272	will	686
273	for	631
274	not	618
275	me	613
276	you	581
277	thou	575
278	love	556
279	be	525
280	this	522
281	it	521
282	but	511
283	?	508
284	his	481
285	as	475
286	thy	455
287	all	453
288	shall	422
289	he	417
290	:	399
291	thee	380
292	o	374
293	from	364
294	are	361
295	your	344
296	have	333
297	we	330
298	god	316
299	one	316
300	on	313
301	so	306
302	no	299
303	they	287
304	by	286
305	our	283
306	her	273
307	'	264
308	let	261
309	their	258
310	was	254
311	at	242
312	there	241
313	am	237
314	or	226
315	upon	225
316	who	216
317	then	215
318	him	207
319	if	206
320	like	206
321	when	201
322	night	198
323	these	196
324	what	189
325	them	184
326	us	178
327	light	172
328	an	168
329	now	167
330	which	167
331	into	161
332	heaven	157
333	do	154
334	may	152
335	more	151
336	soul	151
337	yet	150
338	come	148
339	life	147
340	she	142
341	its	133
342	were	129
343	out	128
344	mine	127
345	see	126
346	than	125
347	death	124
348	man	123
349	art	122
350	heart	122
351	little	121
352	how	117
353	up	117
354	even	113
355	fire	113
356	hath	113
357	where	111
358	ye	111
359	unto	110
360	some	108
361	joy	105
362	can	102
363	eyes	102
364	through	102
365	know	100
366	kiss	98
367	earth	97
368	make	97
369	world	96
370	great	95
371	sun	94
372	men	93
373	away	92
374	must	92
375	ever	91
376	sweet	91
377	never	89
378	nor	88
379	would	87
380	only	84
381	things	83
382	also	82
383	still	82
384	such	82
385	whose	81
386	child	80
387	good	80
388	thine	80
389	down	79
390	holy	79
391	lord	79
392	day	78
393	say	78
394	own	77
395	hell	76
396	take	76
397	shalt	74
398	should	74
399	time	74
400	fear	73
401	secret	72
402	too	72
403	most	71
404	over	71
405	face	70
406	give	70
407	had	70
408	sleep	70
409	why	68
410	before	66
411	body	66
412	delight	66
413	every	66
414	beyond	65
415	old	65
416	thus	65
417	till	65
418	blood	64
419	last	64
420	other	63
421	here	62
422	name	62
423	word	62
424	many	61
425	being	60
426	dead	60
427	did	60
428	black	59
429	law	59
430	first	58
431	against	57
432	deep	57
433	has	57
434	stars	57
435	end	56
436	go	56
437	gods	56
438	gold	56
439	king	56
440	thought	56
441	two	56
442	words	56
443	any	55
444	came	55
445	each	55
446	made	54
447	ah	53
448	hand	53
449	therefore	53
450	flame	52
451	kisses	52
452	said	51
453	saw	51
454	though	51
455	set	50
456	truth	50
457	white	50
458	wine	50
459	both	49
460	glory	49
461	hast	49
462	look	49
463	once	49
464	tears	49
465	voice	49
466	again	48
467	tell	48
468	among	47
469	father	47
470	head	47
471	hear	47
472	moon	47
473	those	47
474	desire	46
475	spirit	46
476	true	46
477	well	46
478	beautiful	45
479	dear	45
480	another	44
481	because	44
482	fall	44
483	infinite	44
484	lips	44
485	mind	44
486	mother	44
487	power	44
488	speak	44
489	weep	44
490	bliss	42
491	find	42
492	long	42
493	none	42
494	sorrow	42
495	think	42
496	above	41
497	crown	41
498	die	41
499	evil	41
500	fair	41
501	found	41
502	happy	41
503	beauty	40
504	myself	40
505	nay	40
506	new	40
507	sing	40
508	while	40
509	behold	39
510	done	39
511	eternal	39
512	golden	39
513	song	39
514	work	39
515	been	38
516	bright	38
517	call	38
518	heard	38
519	hope	38
520	sea	38
521	way	38
522	within	38
523	bring	37
524	could	37
525	himself	37
526	i'll	37
527	maiden	37
528	angel	36
529	mouth	36
530	seek	36
531	star	36
532	tis	36
533	about	35
534	breath	35
535	darkness	35
536	human	35
537	might	35
538	much	35
539	nothing	35
540	play	35
541	reason	35
542	serpent	35
543	doth	34
544	eternity	34
545	green	34
546	lost	34
547	oh	34
548	thyself	34
549	air	33
550	alone	33
551	better	33
552	cannot	33
553	children	33
554	does	33
555	hate	33
556	master	33
557	very	33
558	after	32
559	arms	32
560	dream	32
561	flowers	32
562	hour	32
563	lola	32
564	lover	32
565	rise	32
566	strange	32
567	abyss	31
568	bear	31
569	cry	31
570	dark	31
571	friend	31
572	itself	31
573	lay	31
574	peace	31
575	self	31
576	without	31
577	enough	30
578	keep	30
579	leave	30
580	live	30
581	pain	30
582	poor	30
583	seen	30
584	silence	30
585	back	29
586	boy	29
587	given	29
588	hair	29
589	hold	29
590	image	29
591	pity	29
592	prophet	29
593	since	29
594	spring	29
595	therein	29
596	unknown	29
597	water	29
598	whole	29
599	answer	28
600	bitter	28
601	burning	28
602	forth	28
603	pale	28
604	pure	28
605	queen	28
606	rose	28
607	stand	28
608	under	28
609	wings	28
610	yea	28
611	book	27
612	bound	27
613	curse	27
614	despair	27
615	hands	27
616	house	27
617	mercy	27
618	round	27
619	save	27
620	sense	27
621	souls	27
622	strong	27
623	turn	27
624	universe	27
625	certain	26
626	drink	26
627	flesh	26
628	flower	26
629	fool	26
630	mystery	26
631	pray	26
632	red	26
633	shame	26
634	show	26
635	sky	26
636	soft	26
637	wisdom	26
638	ay	25
639	beneath	25
640	bosom	25
641	knew	25
642	ones	25
643	place	25
644	wild	25
645	bird	24
646	breast	24
647	care	24
648	cold	24
649	dare	24
650	days	24
651	eye	24
652	grey	24
653	just	24
654	land	24
655	music	24
656	sit	24
657	soon	24
658	tannhauser	24
659	tongue	24
660	whom	24
661	woe	24
662	ancient	23
663	beloved	23
664	called	23
665	divine	23
666	dust	23
667	follow	23
668	form	23
669	free	23
670	full	23
671	o'er	23
672	pleasure	23
673	rejoice	23
674	right	23
675	sight	23
676	th	23
677	thing	23
678	together	23
679	vain	23
680	wise	23
681	worm	23
682	worship	23
683	adonai	22
684	dost	22
685	folk	22
686	glad	22
687	indeed	22
688	kill	22
689	lady	22
690	mighty	22
691	mortal	22
692	poison	22
693	purple	22
694	purpose	22
695	silent	22
696	themselves	22
697	altar	21
698	bed	21
699	beheld	21
700	blind	21
701	caught	21
702	close	21
703	didst	21
704	else	21
705	feet	21
706	force	21
707	friends	21
708	limbs	21
709	lo	21
710	love's	21
711	meet	21
712	naked	21
713	nature	21
714	smiles	21
715	ten	21
716	thereof	21
717	waters	21
718	youth	21
719	arise	20
720	bid	20
721	birds	20
722	blue	20
723	cloud	20
724	folly	20
725	makes	20
726	put	20
727	rapture	20
728	sir	20
729	snake	20
730	space	20
731	three	20
732	tree	20
733	weak	20
734	wilt	20
735	young	20
736	between	19
737	cast	19
738	feel	19
739	flaming	19
740	foolish	19
741	hearts	19
742	high	19
743	knowledge	19
744	lust	19
745	morning	19
746	part	19
747	pass	19
748	read	19
749	rest	19
750	same	19
751	starry	19
752	strength	19
753	vision	19
754	wife	19
755	wonder	19
756	written	19
757	years	19
758	always	18
759	clouds	18
760	faith	18
761	fly	18
762	forget	18
763	left	18
764	less	18
765	loves	18
766	mystic	18
767	near	18
768	order	18
769	priest	18
770	rather	18
771	smile	18
772	son	18
773	tender	18
774	terrible	18
775	touch	18
776	until	18
777	utterly	18
778	wind	18
779	woman	18
780	answered	17
781	beast	17
782	burn	17
783	devil	17
784	doubt	17
785	dwell	17
786	ecstasy	17
787	far	17
788	fled	17
789	flow	17
790	grave	17
791	half	17
792	infant	17
793	known	17
794	laugh	17
795	lift	17
796	merry	17
797	minstrel	17
798	mistress	17
799	mountain	17
800	off	17
801	remember	17
802	river	17
803	sad	17
804	seem	17
805	sees	17
806	smiling	17
807	sought	17
808	subtle	17
809	surely	17
810	sword	17
811	understand	17
812	use	17
813	veil	17
814	wast	17
815	ways	17
816	weary	17
817	appear	16
818	best	16
819	break	16
820	dawn	16
821	ease	16
822	east	16
823	easy	16
824	ere	16
825	existence	16
826	garden	16
827	gave	16
828	god's	16
829	gone	16
830	joys	16
831	knows	16
832	lie	16
833	living	16
834	morn	16
835	prove	16
836	return	16
837	slain	16
838	state	16
839	stay	16
840	storm	16
841	swan	16
842	swift	16
843	virtue	16
844	weeping	16
845	welcome	16
846	wept	16
847	woods	16
848	yourself	16
849	age	15
850	church	15
851	city	15
852	clear	15
853	comes	15
854	cometh	15
855	dance	15
856	draw	15
857	fast	15
858	fears	15
859	fight	15
860	fresh	15
861	grow	15
862	hot	15
863	invisible	15
864	laid	15
865	lest	15
866	lies	15
867	lightning	15
868	lonely	15
869	mad	15
870	maid	15
871	man's	15
872	matter	15
873	mere	15
874	need	15
875	others	15
876	ourselves	15
877	passion	15
878	praise	15
879	send	15
880	slay	15
881	small	15
882	straight	15
883	stream	15
884	took	15
885	write	15
886	abide	14
887	arm	14
888	ask	14
889	blessed	14
890	canst	14
891	christ	14
892	curled	14
893	destroy	14
894	drawn	14
895	dread	14
896	equal	14
897	fallen	14
898	false	14
899	fiery	14
900	grade	14
901	grows	14
902	home	14
903	horror	14
904	lead	14
905	led	14
906	number	14
907	ocean	14
908	pride	14
909	seven	14
910	sign	14
911	silver	14
912	sin	14
913	sure	14
914	times	14
915	turned	14
916	war	14
917	went	14
918	wherein	14
919	wrath	14
920	ages	13
921	alas	13
922	became	13
923	believe	13
924	beware	13
925	brain	13
926	brilliance	13
927	chamber	13
928	circle	13
929	deed	13
930	fill	13
931	further	13
932	grace	13
933	grass	13
934	grief	13
935	ground	13
936	hard	13
937	hardly	13
938	hence	13
939	honour	13
940	iron	13
941	learn	13
942	least	13
943	lion	13
944	move	13
945	passed	13
946	pleasant	13
947	pour	13
948	reach	13
949	ring	13
950	shade	13
951	shine	13
952	shrine	13
953	sigh	13
954	sleeping	13
955	sound	13
956	speech	13
957	splendour	13
958	stood	13
959	symbol	13
960	thoughts	13
961	throat	13
962	told	13
963	tune	13
964	unite	13
965	wide	13
966	across	12
967	anything	12
968	around	12
969	barren	12
970	beginning	12
971	birth	12
972	bore	12
973	catch	12
974	change	12
975	chosen	12
976	cruel	12
977	darling	12
978	daughter	12
979	doom	12
980	fate	12
981	gentle	12
982	girl	12
983	gives	12
984	goddess	12
985	greet	12
986	hadit	12
987	help	12
988	hither	12
989	hunger	12
990	impossible	12
991	kept	12
992	lose	12
993	low	12
994	marry	12
995	means	12
996	midst	12
997	next	12
998	open	12
999	pan	12
1000	people	12
1001	perhaps	12
1002	please	12
1003	present	12
1004	richard	12
1005	sake	12
1006	shadow	12
1007	sharp	12
1008	sole	12
1009	spirits	12
1010	steal	12
1011	sunset	12
1012	swear	12
1013	teeth	12
1014	there's	12
1015	vast	12
1016	virgin	12
1017	walking	12
1018	want	12
1019	warm	12
1020	already	11
1021	angels	11
1022	become	11
1023	beside	11
1024	borne	11
1025	calls	11
1026	clay	11
1027	common	11
1028	course	11
1029	cried	11
1030	cross	11
1031	cup	11
1032	deadly	11
1033	desirable	11
1034	destiny	11
1035	dull	11
1036	eat	11
1037	excuse	11
1038	faces	11
1039	fail	11
1040	falling	11
1041	feast	11
1042	few	11
1043	fine	11
1044	fruit	11
1045	ha	11
1046	heaven's	11
1047	hidden	11
1048	hollow	11
1049	hours	11
1050	isis	11
1051	jesus	11
1052	lamb	11
1053	leaves	11
1054	madness	11
1055	match	11
1056	mysterious	11
1057	neck	11
1058	note	11
1059	parts	11
1060	passionate	11
1061	path	11
1062	perfect	11
1063	raise	11
1064	rich	11
1065	royal	11
1066	run	11
1067	runs	11
1068	sacred	11
1069	shadows	11
1070	shape	11
1071	sister	11
1072	slave	11
1073	snow	11
1074	speck	11
1075	splendid	11
1076	springs	11
1077	subtlety	11
1078	taken	11
1079	tear	11
1080	thorns	11
1081	thousand	11
1082	throne	11
1083	venus	11
1084	visible	11
1085	women	11
1086	abode	10
1087	accursed	10
1088	afraid	10
1089	appeared	10
1090	attain	10
1091	awhile	10
1092	bacchus	10
1093	bless	10
1094	blessing	10
1095	brave	10
1096	breathing	10
1097	bride	10
1098	brows	10
1099	cheeks	10
1100	comfort	10
1101	company	10
1102	crying	10
1103	de	10
1104	delicate	10
1105	despise	10
1106	devils	10
1107	dew	10
1108	drunk	10
1109	ears	10
1110	elizabeth	10
1111	embrace	10
1112	five	10
1113	fools	10
1114	grew	10
1115	happiness	10
1116	ill	10
1117	imagination	10
1118	immortal	10
1119	key	10
1120	la	10
1121	lack	10
1122	laughing	10
1123	listen	10
1124	loose	10
1125	lovely	10
1126	loving	10
1127	magic	10
1128	maidens	10
1129	majesty	10
1130	mild	10
1131	murder	10
1132	naught	10
1133	noble	10
1134	pretty	10
1135	religion	10
1136	saying	10
1137	scarlet	10
1138	seal	10
1139	seeing	10
1140	seeking	10
1141	seems	10
1142	short	10
1143	shows	10
1144	side	10
1145	sighs	10
1146	single	10
1147	sitting	10
1148	slow	10
1149	smoke	10
1150	steel	10
1151	strike	10
1152	subtly	10
1153	symbols	10
1154	taught	10
1155	temple	10
1156	terror	10
1157	treasure	10
1158	trembling	10
1159	twelve	10
1160	unutterable	10
1161	uttermost	10
1162	value	10
1163	verily	10
1164	whence	10
1165	winds	10
1166	yours	10
1167	adept	9
1168	adepts	9
1169	afar	9
1170	agony	9
1171	amen	9
1172	another's	9
1173	awake	9
1174	babe	9
1175	bank	9
1176	bare	9
1177	battle	9
1178	beasts	9
1179	begin	9
1180	behind	9
1181	blossom	9
1182	blown	9
1183	breasts	9
1184	brought	9
1185	cause	9
1186	changed	9
1187	charge	9
1188	choose	9
1189	clothed	9
1190	control	9
1191	courage	9
1192	crowned	9
1193	cruelty	9
1194	cut	9
1195	devour	9
1196	died	9
1197	dog	9
1198	dreams	9
1199	dumb	9
1200	dusk	9
1201	dying	9
1202	ear	9
1203	endure	9
1204	et	9
1205	everlasting	9
1206	faint	9
1207	falls	9
1208	father's	9
1209	fearful	9
1210	fell	9
1211	fingers	9
1212	fit	9
1213	foot	9
1214	forehead	9
1215	formless	9
1216	foul	9
1217	four	9
1218	gained	9
1219	genius	9
1220	girls	9
1221	giving	9
1222	greater	9
1223	hell's	9
1224	henry	9
1225	herself	9
1226	hide	9
1227	hill	9
1228	holds	9
1229	horse	9
1230	humble	9
1231	invoke	9
1232	keen	9
1233	king's	9
1234	laughed	9
1235	laughs	9
1236	laughter	9
1237	letters	9
1238	life's	9
1239	lifted	9
1240	lives	9
1241	looks	9
1242	loved	9
1243	lovers	9
1244	mane	9
1245	marks	9
1246	merely	9
1247	miracle	9
1248	mother's	9
1249	often	9
1250	pardon	9
1251	pen	9
1252	pitiful	9
1253	point	9
1254	powers	9
1255	prayers	9
1256	presence	9
1257	prey	9
1258	prince	9
1259	quickly	9
1260	rays	9
1261	receive	9
1262	religious	9
1263	reveal	9
1264	scribe	9
1265	serve	9
1266	shakes	9
1267	shed	9
1268	skies	9
1269	slaves	9
1270	smite	9
1271	snows	9
1272	sombre	9
1273	songs	9
1274	spake	9
1275	stir	9
1276	swim	9
1277	t	9
1278	takes	9
1279	thank	9
1280	thanks	9
1281	wake	9
1282	wanton	9
1283	waves	9
1284	wear	9
1285	wickedness	9
1286	winged	9
1287	winter	9
1288	wit	9
1289	witch	9
1290	wrong	9
1291	yes	9
1292	yield	9
1293	alike	8
1294	arrow	8
1295	asked	8
1296	avoid	8
1297	base	8
1298	beams	8
1299	began	8
1300	bend	8
1301	besides	8
1302	bloody	8
1303	boat	8
1304	born	8
1305	boys	8
1306	breed	8
1307	built	8
1308	caress	8
1309	cat	8
1310	cease	8
1311	centre	8
1312	chartered	8
1313	cheer	8
1314	cling	8
1315	command	8
1316	concealed	8
1317	confess	8
1318	consciousness	8
1319	country	8
1320	court	8
1321	crimson	8
1322	crystal	8
1323	d	8
1324	delights	8
1325	desert	8
1326	dire	8
1327	distant	8
1328	door	8
1329	dreadful	8
1330	drive	8
1331	duke	8
1332	eagle	8
1333	enjoy	8
1334	essence	8
1335	express	8
1336	fade	8
1337	farther	8
1338	faults	8
1339	fiend	8
1340	firm	8
1341	flames	8
1342	foam	8
1343	forbid	8
1344	forest	8
1345	forgotten	8
1346	get	8
1347	gifts	8
1348	glorious	8
1349	hang	8
1350	hearing	8
1351	heat	8
1352	heavy	8
1353	hides	8
1354	honey	8
1355	horn	8
1356	hung	8
1357	immense	8
1358	jealousy	8
1359	kings	8
1360	kissed	8
1361	letter	8
1362	lily	8
1363	longer	8
1364	loud	8
1365	lyca	8
1366	mankind	8
1367	marble	8
1368	mary	8
1369	met	8
1370	middle	8
1371	mingle	8
1372	mountains	8
1373	mysteries	8
1374	neither	8
1375	north	8
1376	nu	8
1377	nuit	8
1378	oath	8
1379	obscure	8
1380	pains	8
1381	perfection	8
1382	perish	8
1383	pilgrim	8
1384	plain	8
1385	played	8
1386	poured	8
1387	precious	8
1388	renew	8
1389	revenge	8
1390	risen	8
1391	rising	8
1392	s	8
1393	sacrament	8
1394	sand	8
1395	second	8
1396	seemed	8
1397	servant	8
1398	sets	8
1399	shining	8
1400	sink	8
1401	sleepy	8
1402	solemn	8
1403	soul's	8
1404	sphere	8
1405	sport	8
1406	spouse	8
1407	strive	8
1408	summer	8
1409	supreme	8
1410	sweeter	8
1411	swell	8
1412	talk	8
1413	task	8
1414	teach	8
1415	term	8
1416	thereon	8
1417	thirst	8
1418	torment	8
1419	toward	8
1420	understood	8
1421	unless	8
1422	utmost	8
1423	vales	8
1424	vile	8
1425	void	8
1426	vows	8
1427	walk	8
1428	we'll	8
1429	weariness	8
1430	whether	8
1431	willing	8
1432	win	8
1433	wish	8
1434	womb	8
1435	worshipped	8
1436	wouldst	8
1437	aching	7
1438	act	7
1439	action	7
1440	aloud	7
1441	altogether	7
1442	amid	7
1443	apart	7
1444	apep	7
1445	aright	7
1446	armed	7
1447	asar	7
1448	aspire	7
1449	attained	7
1450	averse	7
1451	begun	7
1452	beholding	7
1453	below	7
1454	big	7
1455	bleeding	7
1456	blow	7
1457	bones	7
1458	brother	7
1459	calling	7
1460	chain	7
1461	chance	7
1462	chid	7
1463	chorus	7
1464	clasp	7
1465	climb	7
1466	closer	7
1467	coils	7
1468	coming	7
1469	comment	7
1470	consumed	7
1471	contempt	7
1472	cool	7
1473	core	7
1474	cries	7
1475	crucible	7
1476	dangerous	7
1477	deeds	7
1478	des	7
1479	desperate	7
1480	devouring	7
1481	dies	7
1482	disease	7
1483	dismal	7
1484	divided	7
1485	drunken	7
1486	earthly	7
1487	either	7
1488	ends	7
1489	england	7
1490	evening	7
1491	everything	7
1492	facing	7
1493	fang	7
1494	farewell	7
1495	favour	7
1496	fed	7
1497	feed	7
1498	fixed	7
1499	flies	7
1500	forgot	7
1501	formulate	7
1502	frail	7
1503	france	7
1504	gainst	7
1505	gaze	7
1506	generation	7
1507	goal	7
1508	grant	7
1509	greatest	7
1510	grown	7
1511	hail	7
1512	harp	7
1513	having	7
1514	heavens	7
1515	held	7
1516	horses	7
1517	husband	7
1518	infernal	7
1519	innocent	7
1520	instead	7
1521	join	7
1522	journey	7
1523	lesser	7
1524	lov'd	7
1525	lover's	7
1526	magus	7
1527	maker	7
1528	melancholy	7
1529	merrily	7
1530	midnight	7
1531	mill	7
1532	million	7
1533	mixed	7
1534	mouths	7
1535	ne'er	7
1536	new-born	7
1537	nigh	7
1538	painted	7
1539	palace	7
1540	pangs	7
1541	past	7
1542	pearl	7
1543	perfume	7
1544	pit	7
1545	pluck	7
1546	possible	7
1547	prayer	7
1548	proof	7
1549	proud	7
1550	purity	7
1551	quench	7
1552	quick	7
1553	quite	7
1554	rage	7
1555	raised	7
1556	reading	7
1557	ready	7
1558	rod	7
1559	rome	7
1560	ruby	7
1561	rule	7
1562	sang	7
1563	sap	7
1564	seas	7
1565	service	7
1566	shake	7
1567	sheep	7
1568	shook	7
1569	shore	7
1570	shoulders	7
1571	sins	7
1572	smitten	7
1573	smooth	7
1574	smote	7
1575	sooner	7
1576	spell	7
1577	spiritual	7
1578	spoken	7
1579	stands	7
1580	step	7
1581	steps	7
1582	stones	7
1583	story	7
1584	stripped	7
1585	sweetness	7
1586	tale	7
1587	taste	7
1588	tempest	7
1589	that's	7
1590	thel	7
1591	throughout	7
1592	truly	7
1593	tunes	7
1594	unity	7
1595	utter	7
1596	venusberg	7
1597	voices	7
1598	vous	7
1599	wait	7
1600	waking	7
1601	wander	7
1602	wealth	7
1603	west	7
1604	witness	7
1605	world's	7
1606	worst	7
1607	year	7
1608	accomplished	6
1609	achieve	6
1610	acts	6
1611	adela	6
1612	adore	6
1613	aeon	6
1614	argument	6
1615	arose	6
1616	await	6
1617	babes	6
1618	beat	6
1619	beatitude	6
1620	becomes	6
1621	bite	6
1622	blush	6
1623	bowers	6
1624	bridal	6
1625	brief	6
1626	brilliant	6
1627	brow	6
1628	build	6
1629	cave	6
1630	chains	6
1631	chaos	6
1632	chapel	6
1633	chaste	6
1634	cheek	6
1635	commandments	6
1636	companion	6
1637	corrupt	6
1638	countenance	6
1639	cradle	6
1640	crassus	6
1641	creation	6
1642	creature	6
1643	crested	6
1644	curses	6
1645	daily	6
1646	dale	6
1647	deceived	6
1648	deeper	6
1649	delighted	6
1650	deny	6
1651	devilish	6
1652	diadem	6
1653	distress	6
1654	division	6
1655	dogs	6
1656	double	6
1657	dramatic	6
1658	driven	6
1659	drop	6
1660	edward	6
1661	effect	6
1662	egyptian	6
1663	enemies	6
1664	enslave	6
1665	escape	6
1666	exceedingly	6
1667	fairest	6
1668	fancy	6
1669	filled	6
1670	fires	6
1671	flew	6
1672	flood	6
1673	food	6
1674	forests	6
1675	forgive	6
1676	fortune	6
1677	gather	6
1678	germany	6
1679	giveth	6
1680	glamour	6
1681	gleam	6
1682	globe	6
1683	gloom	6
1684	godhead	6
1685	goes	6
1686	grove	6
1687	hangs	6
1688	harm	6
1689	hatred	6
1690	he's	6
1691	heads	6
1692	health	6
1693	here's	6
1694	hid	6
1695	honest	6
1696	howl	6
1697	hundred	6
1698	hurt	6
1699	iacchus	6
1700	incense	6
1701	incorporate	6
1702	increase	6
1703	ineffable	6
1704	kissing	6
1705	knowest	6
1706	leads	6
1707	leap	6
1708	leaps	6
1709	les	6
1710	limit	6
1711	loathing	6
1712	lola's	6
1713	london	6
1714	lords	6
1715	lot	6
1716	lotus	6
1717	maddening	6
1718	magical	6
1719	magician	6
1720	making	6
1721	manifest	6
1722	mark	6
1723	mean	6
1724	measure	6
1725	mend	6
1726	method	6
1727	milk	6
1728	miserable	6
1729	misery	6
1730	moans	6
1731	molten	6
1732	monstrous	6
1733	moss	6
1734	multitude	6
1735	oil	6
1736	osiris	6
1737	otherwise	6
1738	ours	6
1739	overcome	6
1740	page	6
1741	pang	6
1742	parents	6
1743	perform	6
1744	philosophy	6
1745	pierced	6
1746	pitying	6
1747	plumes	6
1748	poetic	6
1749	poets	6
1750	princes	6
1751	profound	6
1752	pronounced	6
1753	proper	6
1754	qui	6
1755	race	6
1756	rain	6
1757	ray	6
1758	received	6
1759	removed	6
1760	revealed	6
1761	ride	6
1762	rises	6
1763	robes	6
1764	roof	6
1765	root	6
1766	roses	6
1767	sacrifice	6
1768	sat	6
1769	scarce	6
1770	scorn	6
1771	sealed	6
1772	seed	6
1773	seeketh	6
1774	selfish	6
1775	senses	6
1776	sentence	6
1777	sinful	6
1778	sings	6
1779	sits	6
1780	soldiers	6
1781	sometimes	6
1782	sorrows	6
1783	spear	6
1784	spit	6
1785	spread	6
1786	sting	6
1787	stirs	6
1788	stone	6
1789	stoop	6
1790	streams	6
1791	stretched	6
1792	stronger	6
1793	subject	6
1794	suddenly	6
1795	sunflower	6
1796	sunlight	6
1797	supernal	6
1798	swedenborg	6
1799	sweep	6
1800	sympathy	6
1801	system	6
1802	taint	6
1803	theirs	6
1804	third	6
1805	tiger	6
1806	tired	6
1807	tomb	6
1808	tomorrow	6
1809	tower	6
1810	trample	6
1811	travel	6
1812	trees	6
1813	trust	6
1814	try	6
1815	twin	6
1816	underneath	6
1817	valley	6
1818	venom	6
1819	verse	6
1820	view	6
1821	vines	6
1822	voluptuous	6
1823	warning	6
1824	warrior	6
1825	watch	6
1826	weakness	6
1827	wheel	6
1828	whereto	6
1829	whither	6
1830	wholly	6
1831	wilderness	6
1832	withdrawn	6
1833	won	6
1834	wonderful	6
1835	woo	6
1836	wood	6
1837	works	6
1838	worlds	6
1839	worth	6
1840	york	6
1841	you'll	6
1842	yourselves	6
1843	a-many	5
1844	abideth	5
1845	abodes	5
1846	actions	5
1847	advance	5
1848	aeons	5
1849	alive	5
1850	almost	5
1851	along	5
1852	amber	5
1853	angry	5
1854	ape	5
1855	aside	5
1856	asunder	5
1857	authority	5
1858	awaiting	5
1859	awful	5
1860	bad	5
1861	beetle	5
1862	beggar	5
1863	bids	5
1864	blest	5
1865	bloom	5
1866	blossoms	5
1867	bold	5
1868	bone	5
1869	bower	5
1870	breaks	5
1871	brings	5
1872	brood	5
1873	builded	5
1874	burns	5
1875	calm	5
1876	cardinal	5
1877	celestial	5
1878	citizen	5
1879	clad	5
1880	clod	5
1881	cloudy	5
1882	confound	5
1883	consider	5
1884	content	5
1885	corruption	5
1886	cousin	5
1887	covered	5
1888	crime	5
1889	cunning	5
1890	cuts	5
1891	dagger	5
1892	damned	5
1893	danger	5
1894	death's	5
1895	defence	5
1896	delicious	5
1897	demons	5
1898	desires	5
1899	desolate	5
1900	despised	5
1901	devil's	5
1902	dewy	5
1903	dieu	5
1904	dim	5
1905	dionysus	5
1906	discourse	5
1907	disdain	5
1908	disgrace	5
1909	dissolve	5
1910	distinct	5
1911	doves	5
1912	drag	5
1913	drain	5
1914	drank	5
1915	draught	5
1916	dry	5
1917	due	5
1918	duty	5
1919	dwelt	5
1920	eager	5
1921	early	5
1922	earthquake	5
1923	echo	5
1924	eight	5
1925	enchanted	5
1926	endeavour	5
1927	endless	5
1928	energy	5
1929	english	5
1930	essential	5
1931	established	5
1932	exalted	5
1933	excellent	5
1934	excess	5
1935	extreme	5
1936	faded	5
1937	fades	5
1938	failure	5
1939	fain	5
1940	fatal	5
1941	fellows	5
1942	felt	5
1943	fervour	5
1944	fields	5
1945	fish	5
1946	flute	5
1947	forbidden	5
1948	forsake	5
1949	forsworn	5
1950	forward	5
1951	fountain	5
1952	fu	5
1953	fury	5
1954	future	5
1955	gems	5
1956	general	5
1957	glass	5
1958	graal	5
1959	grail	5
1960	groves	5
1961	guard	5
1962	harper	5
1963	harsh	5
1964	hawk	5
1965	heavenly	5
1966	heed	5
1967	height	5
1968	helpless	5
1969	hideous	5
1970	hills	5
1971	hopes	5
1972	horns	5
1973	hum	5
1974	hurled	5
1975	idle	5
1976	illusion	5
1977	inane	5
1978	initiation	5
1979	insane	5
1980	intense	5
1981	interest	5
1982	intolerable	5
1983	invoking	5
1984	isaiah	5
1985	je	5
1986	jealous	5
1987	jewelled	5
1988	jupiter	5
1989	kind	5
1990	kindled	5
1991	kindly	5
1992	knight	5
1993	labour	5
1994	lambs	5
1995	lascivious	5
1996	lashes	5
1997	le	5
1998	length	5
1999	leprous	5
2000	let's	5
2001	lilith	5
2002	limitless	5
2003	link	5
2004	liquor	5
2005	lithe	5
2006	lofty	5
2007	looked	5
2008	lov'st	5
2009	march	5
2010	marrow	5
2011	mass	5
2012	masters	5
2013	meaning	5
2014	memorable	5
2015	memory	5
2016	merciful	5
2017	mix	5
2018	mockery	5
2019	moment	5
2020	moonlight	5
2021	moons	5
2022	morrow	5
2023	mortals	5
2024	mothers	5
2025	moving	5
2026	multitudes	5
2027	myriads	5
2028	nameless	5
2029	nearly	5
2030	necessary	5
2031	nest	5
2032	nights	5
2033	nile	5
2034	noon	5
2035	nostrils	5
2036	nought	5
2037	nurse	5
2038	oak	5
2039	opinions	5
2040	original	5
2041	pagan	5
2042	paradise	5
2043	partly	5
2044	passing	5
2045	pay	5
2046	perceive	5
2047	perfumes	5
2048	persons	5
2049	piece	5
2050	pillar	5
2051	places	5
2052	plucked	5
2053	poisonous	5
2054	pole	5
2055	portion	5
2056	presently	5
2057	progress	5
2058	promise	5
2059	prophetic	5
2060	question	5
2061	ra-hoor-khuit	5
2062	rape	5
2063	rare	5
2064	reality	5
2065	record	5
2066	redeem	5
2067	rejoicing	5
2068	replied	5
2069	risk	5
2070	ritual	5
2071	rituals	5
2072	rob	5
2073	rode	5
2074	roll	5
2075	ruddy	5
2076	rules	5
2077	rushing	5
2078	safe	5
2079	season	5
2080	seest	5
2081	servants	5
2082	several	5
2083	sexes	5
2084	shield	5
2085	shines	5
2086	shone	5
2087	shot	5
2088	sick	5
2089	sickness	5
2090	sightless	5
2091	six	5
2092	sleek	5
2093	society	5
2094	solitary	5
2095	something	5
2096	sons	5
2097	sore	5
2098	south	5
2099	spreads	5
2100	stain	5
2101	stayed	5
2102	steady	5
2103	stillness	5
2104	stony	5
2105	strain	5
2106	strife	5
2107	success	5
2108	suffering	5
2109	sunny	5
2110	sunshine	5
2111	suppose	5
2112	swims	5
2113	swings	5
2114	tedious	5
2115	thames	5
2116	thanksgiving	5
2117	theme	5
2118	thereby	5
2119	thereupon	5
2120	thick	5
2121	thunder	5
2122	tom	5
2123	torture	5
2124	touched	5
2125	town	5
2126	tremble	5
2127	triangle	5
2128	trodden	5
2129	turns	5
2130	tyger	5
2131	unspeakable	5
2132	used	5
2133	utterance	5
2134	veiled	5
2135	vein	5
2136	veins	5
2137	vengeance	5
2138	virgins	5
2139	waiting	5
2140	waits	5
2141	warwick	5
2142	whereby	5
2143	whereon	5
2144	whilst	5
2145	winepress	5
2146	worked	5
2147	worn	5
2148	wounded	5
2149	writhe	5
2150	writing	5
2151	writings	5
2152	wrote	5
2153	yellow	5
2154	yoke	5
2155	yon	5
2156	yonder	5
2157	abominable	4
2158	absolute	4
2159	abuse	4
2160	according	4
2161	ache	4
2162	actual	4
2163	adorable	4
2164	adultery	4
2165	aflame	4
2166	african	4
2167	ago	4
2168	airy	4
2169	although	4
2170	amorous	4
2171	ankh-af-na-khonsu	4
2172	appalling	4
2173	appears	4
2174	appointed	4
2175	asleep	4
2176	avail	4
2177	ave	4
2178	avenues	4
2179	bade	4
2180	balanced	4
2181	bark	4
2182	basis	4
2183	bears	4
2184	beauteous	4
2185	beauty's	4
2186	beginnings	4
2187	belly	4
2188	benefit	4
2189	bible	4
2190	bind	4
2191	bitterness	4
2192	blaspheme	4
2193	blasts	4
2194	blaze	4
2195	bleak	4
2196	bodies	4
2197	bottom	4
2198	bow	4
2199	brand	4
2200	breathe	4
2201	broke	4
2202	broken	4
2203	brothers	4
2204	brown	4
2205	builds	4
2206	burst	4
2207	business	4
2208	caesar	4
2209	caligula	4
2210	caresses	4
2211	case	4
2212	caves	4
2213	ceased	4
2214	central	4
2215	chariots	4
2216	charms	4
2217	check	4
2218	cherish	4
2219	chief	4
2220	child's	4
2221	choice	4
2222	chrism	4
2223	circumstance	4
2224	claim	4
2225	clasping	4
2226	clime	4
2227	closed	4
2228	coiled	4
2229	comedy	4
2230	complex	4
2231	conditions	4
2232	confident	4
2233	confines	4
2234	conquering	4
2235	conscience	4
2236	corner	4
2237	count	4
2238	cover	4
2239	coward	4
2240	crew	4
2241	crush	4
2242	cup-bearers	4
2243	curl	4
2244	curls	4
2245	curtain	4
2246	dancing	4
2247	daring	4
2248	deal	4
2249	decay	4
2250	deities	4
2251	deliver	4
2252	demon	4
2253	depart	4
2254	desired	4
2255	devoured	4
2256	devourer	4
2257	dews	4
2258	directly	4
2259	disciples	4
2260	discovered	4
2261	distil	4
2262	diverse	4
2263	dome	4
2264	dominion	4
2265	dragon	4
2266	drama	4
2267	dreaming	4
2268	dregs	4
2269	dress	4
2270	drew	4
2271	drone	4
2272	droop	4
2273	drops	4
2274	drown	4
2275	dwelling	4
2276	e'er	4
2277	earth's	4
2278	easily	4
2279	eating	4
2280	echoing	4
2281	ecstasies	4
2282	edge	4
2283	egg	4
2284	electric	4
2285	elements	4
2286	eleven	4
2287	embraced	4
2288	envy	4
2289	equilibrium	4
2290	eros	4
2291	errors	4
2292	evoke	4
2293	exceed	4
2294	expanded	4
2295	extended	4
2296	eyelids	4
2297	ezekiel	4
2298	falsehood	4
2299	fare	4
2300	fashion	4
2301	fault	4
2302	feareth	4
2303	field	4
2304	fierce	4
2305	firmly	4
2306	fix'd	4
2307	fling	4
2308	flows	4
2309	flung	4
2310	foes	4
2311	fold	4
2312	follies	4
2313	follows	4
2314	fond	4
2315	forces	4
2316	forgetfulness	4
2317	forlorn	4
2318	formed	4
2319	former	4
2320	fourth	4
2321	french	4
2322	frenzy	4
2323	front	4
2324	frowning	4
2325	fur	4
2326	gain	4
2327	gently	4
2328	ghost	4
2329	gilded	4
2330	glee	4
2331	glow	4
2332	glowing	4
2333	goodly	4
2334	gossamer	4
2335	got	4
2336	gracious	4
2337	grasp	4
2338	graves	4
2339	grinds	4
2340	grips	4
2341	groan	4
2342	haply	4
2343	harder	4
2344	hark	4
2345	harlot's	4
2346	harmony	4
2347	hathoor	4
2348	haunt	4
2349	heath	4
2350	hereafter	4
2351	hie	4
2352	higher	4
2353	highest	4
2354	hiss	4
2355	holding	4
2356	horned	4
2357	horrid	4
2358	however	4
2359	humility	4
2360	hunt	4
2361	ideas	4
2362	ignorance	4
2363	impotence	4
2364	instruction	4
2365	intelligence	4
2366	jest	4
2367	jets	4
2368	jews	4
2369	john	4
2370	joined	4
2371	jove	4
2372	judge	4
2373	june	4
2374	justice	4
2375	kate	4
2376	killed	4
2377	kithairon	4
2378	knees	4
2379	knife	4
2380	labyrinth	4
2381	lady's	4
2382	lakes	4
2383	lamp	4
2384	lap	4
2385	large	4
2386	lend	4
2387	liberty	4
2388	lick	4
2389	line	4
2390	lines	4
2391	linked	4
2392	lived	4
2393	livelong	4
2394	lively	4
2395	locks	4
2396	lowly	4
2397	luck	4
2398	lute	4
2399	m	4
2400	maiden's	4
2401	master's	4
2402	maybe	4
2403	measured	4
2404	meek	4
2405	melt	4
2406	melts	4
2407	men's	4
2408	mental	4
2409	message	4
2410	messenger	4
2411	messiah	4
2412	milky	4
2413	minister	4
2414	ministers	4
2415	minute	4
2416	mirth	4
2417	miss	4
2418	mock	4
2419	modest	4
2420	monster	4
2421	motion	4
2422	moves	4
2423	mr	4
2424	musk	4
2425	myriad	4
2426	mystical	4
2427	names	4
2428	nations	4
2429	nature's	4
2430	needs	4
2431	nevertheless	4
2432	news	4
2433	night's	4
2434	noise	4
2435	notes	4
2436	oai	4
2437	odds	4
2438	offence	4
2439	ons	4
2440	opal	4
2441	opened	4
2442	oracle	4
2443	ordeals	4
2444	ordered	4
2445	outward	4
2446	owing	4
2447	pall	4
2448	palm	4
2449	park	4
2450	patience	4
2451	pearls	4
2452	pebble	4
2453	perfectly	4
2454	pines	4
2455	piping	4
2456	plague	4
2457	plagues	4
2458	pleased	4
2459	plough	4
2460	poet's	4
2461	pool	4
2462	possession	4
2463	praised	4
2464	prate	4
2465	prepared	4
2466	prison	4
2467	profiteth	4
2468	prolific	4
2469	quest	4
2470	quiet	4
2471	radiant	4
2472	raising	4
2473	rank	4
2474	ravel	4
2475	reached	4
2476	recompense	4
2477	rejoiced	4
2478	remain	4
2479	remains	4
2480	rent	4
2481	restrained	4
2482	resurrection	4
2483	reverence	4
2484	reverend	4
2485	reward	4
2486	rings	4
2487	ripe	4
2488	rite	4
2489	rivers	4
2490	roads	4
2491	robe	4
2492	rolled	4
2493	rotten	4
2494	sabbath	4
2495	sacraments	4
2496	sands	4
2497	satyr	4
2498	says	4
2499	scourge	4
2500	scythe	4
2501	se	4
2502	search	4
2503	seat	4
2504	sent	4
2505	serious	4
2506	serveth	4
2507	shaken	4
2508	shew	4
2509	shock	4
2510	shrink	4
2511	shut	4
2512	silently	4
2513	silky	4
2514	simple	4
2515	sinuous	4
2516	sisters	4
2517	sixfold	4
2518	skill	4
2519	skin	4
2520	skylark	4
2521	sleeps	4
2522	slender	4
2523	slime	4
2524	softest	4
2525	soldier's	4
2526	solitude	4
2527	somerset	4
2528	sort	4
2529	spark	4
2530	sparrows	4
2531	spend	4
2532	sphinx	4
2533	sprang	4
2534	stays	4
2535	stealth	4
2536	steep	4
2537	sterile	4
2538	stick	4
2539	stilled	4
2540	stings	4
2541	stirred	4
2542	stolen	4
2543	stops	4
2544	street	4
2545	string	4
2546	struck	4
2547	struggle	4
2548	study	4
2549	style	4
2550	sudden	4
2551	suffer	4
2552	suit	4
2553	sullen	4
2554	sung	4
2555	sur	4
2556	surge	4
2557	swept	4
2558	swoon	4
2559	tasted	4
2560	tend	4
2561	thief	4
2562	thinking	4
2563	thither	4
2564	thomas	4
2565	tide	4
2566	tigers	4
2567	top	4
2568	torn	4
2569	traitor	4
2570	tremulous	4
2571	trick	4
2572	trickling	4
2573	tried	4
2574	triple	4
2575	triumph	4
2576	turning	4
2577	twisted	4
2578	unhallowed	4
2579	unhappy	4
2580	using	4
2581	valleys	4
2582	vanished	4
2583	vault	4
2584	verbum	4
2585	vices	4
2586	victim	4
2587	victory	4
2588	vigour	4
2589	virtues	4
2590	vow	4
2591	wail	4
2592	walked	4
2593	walls	4
2594	wandered	4
2595	wandering	4
2596	waning	4
2597	warrant	4
2598	wash	4
2599	watery	4
2600	wave	4
2601	weave	4
2602	web	4
2603	wedded	4
2604	wert	4
2605	wherefore	4
2606	wherewith	4
2607	whirling	4
2608	whore	4
2609	wicked	4
2610	winter's	4
2611	wishes	4
2612	wool	4
2613	worthy	4
2614	wretched	4
2615	yard	4
2616	youngest	4
2617	youthful	4
2618	zeus	4
2619	abandonment	3
2620	abroad	3
2621	absence	3
2622	aches	3
2623	acted	3
2624	active	3
2625	adamantine	3
2626	add	3
2627	adoration	3
2628	adorations	3
2629	adorn	3
2630	adorning	3
2631	advantage	3
2632	affairs	3
2633	affections	3
2634	afloat	3
2635	aged	3
2636	aid	3
2637	aim	3
2638	alicia	3
2639	allay	3
2640	altars	3
2641	american	3
2642	amrit	3
2643	anachronism	3
2644	analytics	3
2645	anger	3
2646	anguish	3
2647	anthem	3
2648	antipholus	3
2649	aphrodite	3
2650	apollo	3
2651	appeal	3
2652	appetite	3
2653	apple	3
2654	arisen	3
2655	arrive	3
2656	artemis	3
2657	assume	3
2658	assure	3
2659	assured	3
2660	atheism	3
2661	athirst	3
2662	atones	3
2663	attempt	3
2664	attention	3
2665	attract	3
2666	aught	3
2667	avert	3
2668	awe	3
2669	b	3
2670	baise	3
2671	bait	3
2672	bands	3
2673	bane	3
2674	banish	3
2675	bar	3
2676	barred	3
2677	bars	3
2678	based	3
2679	basilisk	3
2680	bastard	3
2681	bathing	3
2682	bearing	3
2683	beaten	3
2684	beats	3
2685	beetle's	3
2686	begone	3
2687	beguile	3
2688	beguiled	3
2689	beguiles	3
2690	belike	3
2691	bells	3
2692	bending	3
2693	bends	3
2694	bird's	3
2695	blackening	3
2696	blackness	3
2697	blade	3
2698	blazing	3
2699	bleed	3
2700	blinded	3
2701	blushes	3
2702	boast	3
2703	bolingbroke	3
2704	boon	3
2705	borrow	3
2706	boughs	3
2707	bought	3
2708	boundless	3
2709	bowd	3
2710	bowels	3
2711	bread	3
2712	breathed	3
2713	bred	3
2714	breeze	3
2715	brimming	3
2716	brink	3
2717	britain	3
2718	broad	3
2719	brook	3
2720	buds	3
2721	bulk	3
2722	bull	3
2723	burden	3
2724	burnt	3
2725	butterfly	3
2726	c	3
2727	call'd	3
2728	cap	3
2729	captain	3
2730	carried	3
2731	cavern	3
2732	centuries	3
2733	chained	3
2734	chariot	3
2735	choses	3
2736	christian	3
2737	cipher	3
2738	clamour	3
2739	claws	3
2740	clearer	3
2741	cloak	3
2742	clock	3
2743	clothes	3
2744	clothing	3
2745	cluster	3
2746	coal	3
2747	colossal	3
2748	colour	3
2749	columns	3
2750	commit	3
2751	comprehend	3
2752	conceit	3
2753	confined	3
2754	consecrated	3
2755	consume	3
2756	contagion	3
2757	contemplate	3
2758	contemptuous	3
2759	contend	3
2760	converse	3
2761	conversed	3
2762	convey	3
2763	conviction	3
2764	cook	3
2765	corn	3
2766	corpse	3
2767	correction	3
2768	couldst	3
2769	counsel	3
2770	country's	3
2771	courtesan	3
2772	cow	3
2773	craft	3
2774	crater	3
2775	created	3
2776	creep	3
2777	crept	3
2778	crest	3
2779	crossed	3
2780	crow	3
2781	crowns	3
2782	crucified	3
2783	crushed	3
2784	darken	3
2785	darkening	3
2786	dawns	3
2787	debauchery	3
2788	deceive	3
2789	deem	3
2790	deity	3
2791	delusions	3
2792	den	3
2793	descend	3
2794	descended	3
2795	despairs	3
2796	despite	3
2797	diana	3
2798	difference	3
2799	diminish	3
2800	direct	3
2801	disclose	3
2802	disguise	3
2803	dissolution	3
2804	dissolved	3
2805	dissolving	3
2806	dolorous	3
2807	doors	3
2808	doric	3
2809	doubts	3
2810	dove	3
2811	dower	3
2812	drawing	3
2813	drooping	3
2814	drunkenness	3
2815	durst	3
2816	eastern	3
2817	eggs	3
2818	element	3
2819	em	3
2820	ember	3
2821	empire	3
2822	empty	3
2823	enemy	3
2824	entirely	3
2825	equally	3
2826	erect	3
2827	error	3
2828	escaped	3
2829	existing	3
2830	exorcism	3
2831	expire	3
2832	extol	3
2833	facts	3
2834	failing	3
2835	fairer	3
2836	famine	3
2837	famished	3
2838	fastened	3
2839	fastens	3
2840	faster	3
2841	fasting	3
2842	fawn	3
2843	feeble	3
2844	fellow	3
2845	femmes	3
2846	fertility	3
2847	fie	3
2848	fifth	3
2849	figure	3
2850	fills	3
2851	filth	3
2852	finger	3
2853	finite	3
2854	flattering	3
2855	flights	3
2856	flint	3
2857	flocks	3
2858	flush	3
2859	folding	3
2860	folds	3
2861	followed	3
2862	following	3
2863	fondness	3
2864	forfeit	3
2865	forms	3
2866	formulated	3
2867	forsooth	3
2868	fortune's	3
2869	fortunes	3
2870	fox	3
2871	fragrance	3
2872	frame	3
2873	freed	3
2874	friar	3
2875	friendship	3
2876	fruitless	3
2877	fruits	3
2878	fulfil	3
2879	futurity	3
2880	garlands	3
2881	garments	3
2882	gathered	3
2883	gemmed	3
2884	gentleman	3
2885	gentlemen	3
2886	ghastly	3
2887	gift	3
2888	girdled	3
2889	gladness	3
2890	glance	3
2891	glistening	3
2892	glittering	3
2893	glories	3
2894	glow-worm	3
2895	glows	3
2896	goat	3
2897	going	3
2898	govern	3
2899	governed	3
2900	governs	3
2901	grain	3
2902	greatness	3
2903	gretchen	3
2904	grip	3
2905	groans	3
2906	guardians	3
2907	hadst	3
2908	halls	3
2909	hapless	3
2910	har	3
2911	harlot	3
2912	harmonized	3
2913	harvest	3
2914	healthy	3
2915	heart's	3
2916	heedful	3
2917	heinrich	3
2918	henceforth	3
2919	hermit	3
2920	hermits	3
2921	hinder	3
2922	ho	3
2923	hoarse	3
2924	hoary	3
2925	holiness	3
2926	hoor	3
2927	horrible	3
2928	host	3
2929	hound	3
2930	hover	3
2931	howling	3
2932	hubert	3
2933	humphrey	3
2934	hungrily	3
2935	hungry	3
2936	hunter	3
2937	huntsman	3
2938	ideal	3
2939	identical	3
2940	identity	3
2941	illumine	3
2942	images	3
2943	immortality	3
2944	impassioned	3
2945	improvement	3
2946	indian	3
2947	infant's	3
2948	infinity	3
2949	influence	3
2950	instantly	3
2951	instruct	3
2952	intercourse	3
2953	interior	3
2954	intoxicate	3
2955	irremeable	3
2956	irrevocable	3
2957	is't	3
2958	isolated	3
2959	issue	3
2960	jew	3
2961	keeps	3
2962	know'st	3
2963	l'abime	3
2964	l'enfer	3
2965	ladies	3
2966	lands	3
2967	language	3
2968	lark	3
2969	lawrence	3
2970	leading	3
2971	leaped	3
2972	leaping	3
2973	legitimes	3
2974	lends	3
2975	liars	3
2976	liber	3
2977	liege	3
2978	limits	3
2979	limpid	3
2980	lion's	3
2981	lioness	3
2982	lip	3
2983	liv'd	3
2984	liver	3
2985	loneliness	3
2986	long-drawn	3
2987	loosed	3
2988	loosen	3
2989	loss	3
2990	loveliness	3
2991	loyalty	3
2992	lull	3
2993	lurks	3
2994	luscious	3
2995	lust's	3
2996	lying	3
2997	m'a	3
2998	madden	3
2999	magister	3
3000	mak'st	3
3001	malice	3
3002	malison	3
3003	manhood	3
3004	manner	3
3005	maratza	3
3006	marriage	3
3007	married	3
3008	mask	3
3009	mastery	3
3010	mate	3
3011	mated	3
3012	material	3
3013	maze	3
3014	meadows	3
3015	meanwhile	3
3016	meditation	3
3017	meeting	3
3018	melting	3
3019	members	3
3020	merit	3
3021	meteor	3
3022	metres	3
3023	mightst	3
3024	minded	3
3025	miracles	3
3026	mire	3
3027	misty	3
3028	moan	3
3029	modesty	3
3030	mole	3
3031	moquant	3
3032	moreover	3
3033	mort	3
3034	mother-of-pearl	3
3035	motley	3
3036	mount	3
3037	mountebank	3
3038	mourn	3
3039	murderer	3
3040	myrrh	3
3041	natural	3
3042	net	3
3043	nipples	3
3044	nubian	3
3045	nuptial	3
3046	nymph	3
3047	oaks	3
3048	obedience	3
3049	object	3
3050	obscene	3
3051	obtain	3
3052	offer	3
3053	offered	3
3054	office	3
3055	oft	3
3056	omnipotent	3
3057	opening	3
3058	opportunity	3
3059	originality	3
3060	outer	3
3061	owls	3
3062	pack	3
3063	paean	3
3064	pander	3
3065	paphian	3
3066	paraphrase	3
3067	paths	3
3068	patiently	3
3069	perceived	3
3070	perception	3
3071	perch	3
3072	perfections	3
3073	perilous	3
3074	persephone	3
3075	person	3
3076	persuasion	3
3077	pertinax	3
3078	petty	3
3079	phrases	3
3080	phrasing	3
3081	picking	3
3082	pierce	3
3083	pilate	3
3084	pilgrims	3
3085	pine	3
3086	plan	3
3087	poem	3
3088	pomp	3
3089	possessed	3
3090	possibilities	3
3091	poverty	3
3092	powder	3
3093	powerful	3
3094	practices	3
3095	prayed	3
3096	press	3
3097	priestess	3
3098	proceed	3
3099	promises	3
3100	prophets	3
3101	proved	3
3102	proverbs	3
3103	pursue	3
3104	push	3
3105	quake	3
3106	quarrel	3
3107	quickeneth	3
3108	quoth	3
3109	radiance	3
3110	ran	3
3111	range	3
3112	raptures	3
3113	ravished	3
3114	reaches	3
3115	reaching	3
3116	readily	3
3117	reads	3
3118	real	3
3119	realize	3
3120	really	3
3121	rebellious	3
3122	recall	3
3123	redeemer	3
3124	reed	3
3125	reign	3
3126	remained	3
3127	remedy	3
3128	remembered	3
3129	remove	3
3130	repent	3
3131	reproach	3
3132	revealing	3
3133	revel	3
3134	revile	3
3135	revives	3
3136	rides	3
3137	riven	3
3138	roar	3
3139	roars	3
3140	rock	3
3141	roots	3
3142	rounds	3
3143	rub	3
3144	ruin	3
3145	rural	3
3146	safety	3
3147	sage	3
3148	sail	3
3149	saint	3
3150	saintly	3
3151	saints	3
3152	salt	3
3153	sanction	3
3154	satan	3
3155	sate	3
3156	satyre	3
3157	savour	3
3158	scarred	3
3159	scene	3
3160	science	3
3161	scorpion	3
3162	scrupled	3
3163	secrets	3
3164	secure	3
3165	seductive	3
3166	seeming	3
3167	self-begotten	3
3168	series	3
3169	serpents	3
3170	serves	3
3171	sever	3
3172	shadowy	3
3173	shaking	3
3174	shamed	3
3175	shameful	3
3176	shames	3
3177	shaped	3
3178	share	3
3179	shirt	3
3180	shod	3
3181	shouldst	3
3182	showers	3
3183	showing	3
3184	shrewd	3
3185	shriek	3
3186	shrouded	3
3187	shuddering	3
3188	sickening	3
3189	silken	3
3190	singing	3
3191	sinking	3
3192	slept	3
3193	slew	3
3194	slip	3
3195	slopes	3
3196	smallest	3
3197	smokes	3
3198	snare	3
3199	sob	3
3200	sobs	3
3201	soldier	3
3202	solemnity	3
3203	solid	3
3204	somewhat	3
3205	soot	3
3206	soothe	3
3207	sorely	3
3208	sorry	3
3209	source	3
3210	southern	3
3211	span	3
3212	spare	3
3213	speaking	3
3214	speaks	3
3215	spears	3
3216	speed	3
3217	sperm	3
3218	spilt	3
3219	spoil	3
3220	spring's	3
3221	sprouts	3
3222	stab	3
3223	stable	3
3224	stablished	3
3225	staff	3
3226	stained	3
3227	staining	3
3228	stark	3
3229	started	3
3230	starts	3
3231	stature	3
3232	steed	3
3233	stern	3
3234	strained	3
3235	strangers	3
3236	stray	3
3237	streets	3
3238	strenuous	3
3239	strenuously	3
3240	strikes	3
3241	strings	3
3242	stumble	3
3243	sublime	3
3244	suck	3
3245	sufficient	3
3246	summer's	3
3247	summers	3
3248	sunder	3
3249	sunk	3
3250	suns	3
3251	supine	3
3252	surges	3
3253	susan	3
3254	suspect	3
3255	suspicion	3
3256	swearing	3
3257	sweets	3
3258	swiftness	3
3259	swollen	3
3260	swoop	3
3261	symbology	3
3262	syracuse	3
3263	systems	3
3264	ta'en	3
3265	table	3
3266	tales	3
3267	tangled	3
3268	tant	3
3269	telai	3
3270	tenfold	3
3271	tent	3
3272	tether	3
3273	thence	3
3274	therewith	3
3275	thorn	3
3276	thoughtless	3
3277	thousands	3
3278	threshold	3
3279	thrill	3
3280	throats	3
3281	thrones	3
3282	throng	3
3283	throw	3
3284	thrown	3
3285	ti	3
3286	tidings	3
3287	tincture	3
3288	tingling	3
3289	tiny	3
3290	tire	3
3291	title	3
3292	to-day	3
3293	tonight	3
3294	topmost	3
3295	torrent	3
3296	trackless	3
3297	tragedy	3
3298	traitors	3
3299	trance	3
3300	transcend	3
3301	transcends	3
3302	trembled	3
3303	tribes	3
3304	tricks	3
3305	tries	3
3306	triumphant	3
3307	trod	3
3308	troubled	3
3309	tu	3
3310	twain	3
3311	twere	3
3312	twilight	3
3313	tyrant	3
3314	u	3
3315	ultimate	3
3316	unbalanced	3
3317	uncle	3
3318	undying	3
3319	unexpected	3
3320	unfold	3
3321	unique	3
3322	uniting	3
3323	unluminous	3
3324	unseen	3
3325	unveiled	3
3326	uplifted	3
3327	upright	3
3328	upward	3
3329	urgent	3
3330	usurps	3
3331	ut	3
3332	utterances	3
3333	v	3
3334	vague	3
3335	vanish	3
3336	vehement	3
3337	velvet	3
3338	vexation	3
3339	vice	3
3340	victims	3
3341	villain	3
3342	violence	3
3343	violent	3
3344	virginal	3
3345	virginity	3
3346	visit	3
3347	volcanic	3
3348	vulgar	3
3349	wa	3
3350	wakes	3
3351	wall	3
3352	wanderer	3
3353	warbled	3
3354	warn	3
3355	wastrel	3
3356	watched	3
3357	watchman	3
3358	watered	3
3359	wax	3
3360	we'd	3
3361	wed	3
3362	weeds	3
3363	wells	3
3364	wet	3
3365	wheels	3
3366	whereof	3
3367	whirled	3
3368	whirlwind	3
3369	whispered	3
3370	whoever	3
3371	whoso	3
3372	whosoever	3
3373	wines	3
3374	wing	3
3375	wiser	3
3376	withal	3
3377	woes	3
3378	wolf's	3
3379	wolfram	3
3380	wolves	3
3381	wont	3
3382	world-elephant	3
3383	worms	3
3384	worse	3
3385	worshipper	3
3386	wound	3
3387	woven	3
3388	wrack	3
3389	wrap	3
3390	wrapped	3
3391	wrapping	3
3392	wraps	3
3393	wrinkles	3
3394	wronged	3
3395	yawn	3
3396	yearning	3
3397	yews	3
3398	you're	3
3399	zeal	3
3400	abase	2
3401	abdicate	2
3402	abides	2
3403	abiding	2
3404	abominations	2
3405	abound	2
3406	abrahadabra	2
3407	abreast	2
3408	abridge	2
3409	absolved	2
3410	abstract	2
3411	abstruction	2
3412	abysses	2
3413	accepted	2
3414	account	2
3415	achieves	2
3416	acknowledge	2
3417	acorns	2
3418	activity	2
3419	acute	2
3420	adam	2
3421	adamant	2
3422	added	2
3423	admired	2
3424	admit	2
3425	admitted	2
3426	adored	2
3427	adown	2
3428	advanc'd	2
3429	advent	2
3430	advised	2
3431	affair	2
3432	affect	2
3433	affirmation	2
3434	afflicted	2
3435	affright	2
3436	ageless	2
3437	agone	2
3438	agonies	2
3439	akin	2
3440	alabaster	2
3441	albeit	2
3442	alkahest	2
3443	almond	2
3444	aloft	2
3445	alphabet	2
3446	alter	2
3447	alteration	2
3448	alternating	2
3449	alters	2
3450	altitude	2
3451	alway	2
3452	amaranth	2
3453	ambiguous	2
3454	ambition	2
3455	amends	2
3456	amiss	2
3457	ammon-ra	2
3458	amused	2
3459	analysis	2
3460	ancients	2
3461	angel's	2
3462	angel-guarded	2
3463	angrily	2
3464	annul	2
3465	anointed	2
3466	anon	2
3467	apis	2
3468	apologise	2
3469	appals	2
3470	apparel	2
3471	apparent	2
3472	appeasing	2
3473	approach	2
3474	approve	2
3475	arcane	2
3476	arcanum	2
3477	archangel	2
3478	ardent	2
3479	ardours	2
3480	arouse	2
3481	arrowy	2
3482	ascending	2
3483	asham'd	2
3484	ashamed	2
3485	asi	2
3486	aspects	2
3487	aspires	2
3488	aspiring	2
3489	ass	2
3490	assumption	2
3491	astor	2
3492	asylum	2
3493	athwart	2
3494	atom	2
3495	atrocious	2
3496	attack	2
3497	attend	2
3498	attended	2
3499	aum	2
3500	authentic	2
3501	authorship	2
3502	autumn	2
3503	autumn's	2
3504	avenging	2
3505	averted	2
3506	awakening	2
3507	aye	2
3508	azure	2
3509	baby-love	2
3510	backs	2
3511	baffles	2
3512	baits	2
3513	balm	2
3514	balmy	2
3515	balthasar	2
3516	banks	2
3517	baphomet	2
3518	barbarous	2
3519	barbed	2
3520	bard	2
3521	barefoot	2
3522	bartered	2
3523	bathe	2
3524	bathed	2
3525	bats	2
3526	be-with-us	2
3527	beam	2
3528	beamy	2
3529	beard	2
3530	beatific	2
3531	beauties	2
3532	beds	2
3533	befall	2
3534	beget	2
3535	begets	2
3536	begot	2
3537	begotten	2
3538	begs	2
3539	beings	2
3540	benedick	2
3541	bennu	2
3542	bent	2
3543	bereaved	2
3544	bestow	2
3545	bestowed	2
3546	bethink	2
3547	betray	2
3548	bewitching	2
3549	binds	2
3550	bishop	2
3551	bits	2
3552	blague	2
3553	blame	2
3554	blameless	2
3555	blaspheming	2
3556	blast	2
3557	blasted	2
3558	bleat	2
3559	blending	2
3560	blessings	2
3561	blights	2
3562	blindness	2
3563	blisses	2
3564	blizzard	2
3565	blooms	2
3566	blossomed	2
3567	blows	2
3568	body's	2
3569	bole	2
3570	bolingbroke's	2
3571	bondage	2
3572	books	2
3573	boredom	2
3574	bosses	2
3575	bough	2
3576	bows	2
3577	brains	2
3578	branches	2
3579	brass	2
3580	breach	2
3581	breaking	2
3582	breathes	2
3583	brethren	2
3584	brew	2
3585	briar	2
3586	brim	2
3587	bringest	2
3588	british	2
3589	brooded	2
3590	brooding	2
3591	brother's	2
3592	brushed	2
3593	brutus	2
3594	buckingham	2
3595	bud	2
3596	buddha	2
3597	bull's	2
3598	bulls	2
3599	bulwarks	2
3600	buried	2
3601	burned	2
3602	bush	2
3603	buy	2
3604	cackle	2
3605	caesar's	2
3606	cakes	2
3607	calculation	2
3608	calumniate	2
3609	camel	2
3610	camest	2
3611	can'st	2
3612	cancer	2
3613	candle	2
3614	capitals	2
3615	captains	2
3616	capulet	2
3617	car	2
3618	caressing	2
3619	carnal	2
3620	cars	2
3621	casting	2
3622	castles	2
3623	casuist	2
3624	catches	2
3625	cattle	2
3626	cattle's	2
3627	cave's	2
3628	caverns	2
3629	ceasing	2
3630	celebrate	2
3631	censer	2
3632	centred	2
3633	cerberus	2
3634	ceremony	2
3635	champ	2
3636	changes	2
3637	chant	2
3638	characters	2
3639	charged	2
3640	charity	2
3641	chase	2
3642	cheap	2
3643	check'd	2
3644	cheese	2
3645	cherries	2
3646	chian	2
3647	childish	2
3648	chiliads	2
3649	chill	2
3650	chilled	2
3651	chimney-sweeper	2
3652	chimney-sweeper's	2
3653	choosing	2
3654	choral	2
3655	christ's	2
3656	churchyards	2
3657	circles	2
3658	circuit	2
3659	circumference	2
3660	citlaltepetl	2
3661	civilized	2
3662	claims	2
3663	clamours	2
3664	clang	2
3665	claudio	2
3666	clean	2
3667	cleave	2
3668	cleaves	2
3669	clefted	2
3670	clever	2
3671	clifford	2
3672	closing	2
3673	clothe	2
3674	coat	2
3675	cobbler	2
3676	coffins	2
3677	coin	2
3678	college	2
3679	colloquy	2
3680	colours	2
3681	column	2
3682	comblera	2
3683	comely	2
3684	comet	2
3685	comique	2
3686	commination	2
3687	commonplace	2
3688	commune	2
3689	comparison	2
3690	compassed	2
3691	compassion	2
3692	compel	2
3693	compelled	2
3694	completion's	2
3695	complexion	2
3696	compressed	2
3697	concealments	2
3698	concerning	2
3699	condemned	2
3700	cone	2
3701	conjuration	2
3702	conquer	2
3703	conquered	2
3704	conqueror	2
3705	conscious	2
3706	consequent	2
3707	consoled	2
3708	constant	2
3709	consumes	2
3710	contagious	2
3711	contented	2
3712	continual	2
3713	contradictory	2
3714	contraries	2
3715	conventional	2
3716	convert	2
3717	conveyed	2
3718	copy	2
3719	corner-stone	2
3720	corpse-light	2
3721	correct	2
3722	cost	2
3723	couch	2
3724	coule	2
3725	countest	2
3726	counties	2
3727	counting	2
3728	courtiers	2
3729	courts	2
3730	cowards	2
3731	crash	2
3732	crawl	2
3733	crazy	2
3734	creatures	2
3735	creeping	2
3736	cressida	2
3737	crook'd	2
3738	crooked	2
3739	cup-boy	2
3740	curb	2
3741	cured	2
3742	curs	2
3743	cursed	2
3744	curtains	2
3745	curve	2
3746	curving	2
3747	cushioned	2
3748	cynical	2
3749	cynicism	2
3750	dalliance	2
3751	dances	2
3752	darkly-splendid	2
3753	darts	2
3754	daughter's	2
3755	daughters	2
3756	david	2
3757	dawn's	2
3758	dawning	2
3759	day's	2
3760	dayspring	2
3761	deaf	2
3762	dearest	2
3763	death-beds	2
3764	death-star	2
3765	deathless	2
3766	deaths	2
3767	decided	2
3768	decked	2
3769	declined	2
3770	decree	2
3771	deepest	2
3772	deeps	2
3773	deesse	2
3774	defend	2
3775	defiled	2
3776	definite	2
3777	defy	2
3778	degree	2
3779	degrees	2
3780	deifying	2
3781	delivered	2
3782	dell	2
3783	delude	2
3784	delve	2
3785	denmark	2
3786	dens	2
3787	depends	2
3788	depicting	2
3789	depth	2
3790	derision	2
3791	descending	2
3792	design	2
3793	desolation	2
3794	despairing	2
3795	despicable	2
3796	destinies	2
3797	destiny's	2
3798	destruction	2
3799	determine	2
3800	detest	2
3801	detested	2
3802	device	2
3803	dhamma	2
3804	diamond	2
3805	diamonded	2
3806	diamonds	2
3807	diaphanous	2
3808	dice	2
3809	dictate	2
3810	dido	2
3811	dieux	2
3812	different	2
3813	differently	2
3814	dilemma	2
3815	dimension	2
3816	dimly	2
3817	dinner	2
3818	diogenes	2
3819	direction	2
3820	discerned	2
3821	discharge	2
3822	discoursing	2
3823	discrown	2
3824	dismay	2
3825	disposed	2
3826	disposition	2
3827	dispositions	2
3828	disregards	2
3829	disruption	2
3830	dissembling	2
3831	distance	2
3832	disturb	2
3833	dive	2
3834	dived	2
3835	dividing	2
3836	doit	2
3837	dolphin	2
3838	dominant	2
3839	don	2
3840	doomed	2
3841	dotes	2
3842	doubtless	2
3843	dovelike	2
3844	downcast	2
3845	downward	2
3846	dragons	2
3847	dragoons	2
3848	draining	2
3849	drawl	2
3850	draws	2
3851	dreamland	2
3852	dreamt	2
3853	drear	2
3854	dreary	2
3855	drenched	2
3856	dresse	2
3857	dried	2
3858	drinketh	2
3859	drives	2
3860	dropped	2
3861	dropt	2
3862	dross	2
3863	drosy	2
3864	drugs	2
3865	drums	2
3866	dulled	2
3867	duly	2
3868	dung	2
3869	dungeon	2
3870	during	2
3871	dutch	2
3872	dweller	2
3873	eagerly	2
3874	earlier	2
3875	earnestly	2
3876	earnestness	2
3877	earns	2
3878	easiness	2
3879	eaten	2
3880	eclipse	2
3881	ecstacy	2
3882	edict	2
3883	edom	2
3884	edward's	2
3885	effects	2
3886	effort	2
3887	eldest	2
3888	elemental	2
3889	elevenfold	2
3890	elijah	2
3891	elixir	2
3892	elucidate	2
3893	elysian	2
3894	emasculate	2
3895	embosomed	2
3896	embraces	2
3897	embracing	2
3898	emerald	2
3899	emily	2
3900	emotions	2
3901	emphatically	2
3902	empress	2
3903	en	2
3904	enable	2
3905	enamelled	2
3906	enamoured	2
3907	encompass	2
3908	encounter	2
3909	endureth	2
3910	energies	2
3911	energized	2
3912	enforce	2
3913	england's	2
3914	enjoyable	2
3915	entangling	2
3916	enthroned	2
3917	entrap	2
3918	entreat	2
3919	entwined	2
3920	epicene	2
3921	epitaph	2
3922	epithets	2
3923	eroded	2
3924	escobar's	2
3925	est	2
3926	establish	2
3927	estimate	2
3928	ethereal	2
3929	eucharist	2
3930	eve	2
3931	eventree	2
3932	evermore	2
3933	everywhere	2
3934	exceeded	2
3935	exceeding	2
3936	exceptions	2
3937	exchange	2
3938	excluded	2
3939	exempt	2
3940	exeter	2
3941	exhald	2
3942	exhausted	2
3943	exile	2
3944	exist	2
3945	exists	2
3946	expandeth	2
3947	expansion	2
3948	expect	2
3949	explain	2
3950	explore	2
3951	expression	2
3952	exquisite	2
3953	exults	2
3954	eyeless	2
3955	f	2
3956	face-royal	2
3957	fact	2
3958	factor	2
3959	faculty	2
3960	faery	2
3961	failed	2
3962	fails	2
3963	fairy	2
3964	falsely	2
3965	falutli	2
3966	familiar	2
3967	fancies	2
3968	fangs	2
3969	fates	2
3970	father-in-law	2
3971	favoured	2
3972	favours	2
3973	fawn's	2
3974	feared	2
3975	feats	2
3976	feeds	2
3977	feeling	2
3978	female	2
3979	feminine	2
3980	fiends	2
3981	fiercer	2
3982	fightest	2
3983	fighting	2
3984	finds	2
3985	firmament	2
3986	fits	2
3987	fitting	2
3988	flag	2
3989	flake	2
3990	flamed	2
3991	flameth	2
3992	flicker	2
3993	flickered	2
3994	flings	2
3995	flinty	2
3996	float	2
3997	floating	2
3998	flock	2
3999	floor	2
4000	flower-enamelled	2
4001	flushed	2
4002	flying	2
4003	foemen	2
4004	folded	2
4005	folks	2
4006	followers	2
4007	fondled	2
4008	fondly	2
4009	for't	2
4010	forbade	2
4011	forced	2
4012	ford	2
4013	foreign	2
4014	foreseen	2
4015	foresters	2
4016	forge	2
4017	forged	2
4018	forgetful	2
4019	fornication	2
4020	forswear	2
4021	fortress	2
4022	forty	2
4023	fought	2
4024	fountains	2
4025	foxes	2
4026	fragments	2
4027	fragrant	2
4028	fram'd	2
4029	frankincense	2
4030	freedom	2
4031	fright	2
4032	frost	2
4033	frowned	2
4034	fruitful	2
4035	fuel	2
4036	fume	2
4037	fumes	2
4038	fungus	2
4039	furnace	2
4040	futility	2
4041	gage	2
4042	galilean	2
4043	game	2
4044	ganymede	2
4045	garlanded	2
4046	gate	2
4047	gateway	2
4048	generous	2
4049	george	2
4050	gesture	2
4051	gets	2
4052	ghostly	2
4053	giant	2
4054	giants	2
4055	gilbert	2
4056	girded	2
4057	girt	2
4058	glace	2
4059	gladden	2
4060	glancing	2
4061	glare	2
4062	gleamed	2
4063	gleaming	2
4064	glitter	2
4065	gloat	2
4066	globes	2
4067	glooms	2
4068	gloomy	2
4069	glorified	2
4070	glutted	2
4071	glutton	2
4072	gnarl'd	2
4073	gnarled	2
4074	gnomes	2
4075	goat's	2
4076	goat-hoofed	2
4077	goats	2
4078	goodness	2
4079	governors	2
4080	graces	2
4081	grains	2
4082	granted	2
4083	grants	2
4084	grape	2
4085	grapple	2
4086	grasshopper	2
4087	gratitude	2
4088	graven	2
4089	graze	2
4090	grecian	2
4091	greek	2
4092	green-clad	2
4093	greeting	2
4094	grey-brow'd	2
4095	grim	2
